date,nombre
2005-01-01,180
2005-01-02,137
2005-01-03,234
2005-01-04,279
2005-01-05,270
2005-01-06,281
2005-01-07,271
2005-01-08,199
2005-01-09,164
2005-01-10,262
2005-01-11,244
2005-01-12,283
2005-01-13,259
2005-01-14,289
2005-01-15,226
2005-01-16,153
2005-01-17,227
2005-01-18,299
2005-01-19,298
2005-01-20,259
2005-01-21,282
2005-01-22,231
2005-01-23,175
2005-01-24,209
2005-01-25,199
2005-01-26,219
2005-01-27,193
2005-01-28,252
2005-01-29,222
2005-01-30,134
2005-01-31,195
2005-02-01,209
2005-02-02,213
2005-02-03,236
2005-02-04,258
2005-02-05,204
2005-02-06,144
2005-02-07,195
2005-02-08,217
2005-02-09,224
2005-02-10,223
2005-02-11,313
2005-02-12,227
2005-02-13,170
2005-02-14,203
2005-02-15,209
2005-02-16,166
2005-02-17,177
2005-02-18,200
2005-02-19,216
2005-02-20,146
2005-02-21,161
2005-02-22,168
2005-02-23,182
2005-02-24,169
2005-02-25,212
2005-02-26,184
2005-02-27,142
2005-02-28,200
2005-03-01,185
2005-03-02,181
2005-03-03,189
2005-03-04,219
2005-03-05,187
2005-03-06,150
2005-03-07,165
2005-03-08,187
2005-03-09,169
2005-03-10,186
2005-03-11,226
2005-03-12,216
2005-03-13,169
2005-03-14,196
2005-03-15,213
2005-03-16,231
2005-03-17,251
2005-03-18,307
2005-03-19,282
2005-03-20,239
2005-03-21,182
2005-03-22,241
2005-03-23,270
2005-03-24,238
2005-03-25,277
2005-03-26,227
2005-03-27,191
2005-03-28,133
2005-03-29,216
2005-03-30,226
2005-03-31,220
2005-04-01,289
2005-04-02,232
2005-04-03,192
2005-04-04,205
2005-04-05,232
2005-04-06,246
2005-04-07,244
2005-04-08,267
2005-04-09,196
2005-04-10,163
2005-04-11,209
2005-04-12,214
2005-04-13,203
2005-04-14,210
2005-04-15,263
2005-04-16,210
2005-04-17,162
2005-04-18,205
2005-04-19,205
2005-04-20,197
2005-04-21,198
2005-04-22,262
2005-04-23,194
2005-04-24,172
2005-04-25,196
2005-04-26,230
2005-04-27,226
2005-04-28,222
2005-04-29,286
2005-04-30,288
2005-05-01,241
2005-05-02,236
2005-05-03,239
2005-05-04,258
2005-05-05,188
2005-05-06,233
2005-05-07,222
2005-05-08,182
2005-05-09,223
2005-05-10,238
2005-05-11,271
2005-05-12,249
2005-05-13,278
2005-05-14,262
2005-05-15,252
2005-05-16,209
2005-05-17,236
2005-05-18,267
2005-05-19,275
2005-05-20,319
2005-05-21,227
2005-05-22,216
2005-05-23,211
2005-05-24,253
2005-05-25,289
2005-05-26,272
2005-05-27,372
2005-05-28,332
2005-05-29,256
2005-05-30,257
2005-05-31,269
2005-06-01,279
2005-06-02,254
2005-06-03,334
2005-06-04,274
2005-06-05,225
2005-06-06,241
2005-06-07,262
2005-06-08,273
2005-06-09,275
2005-06-10,316
2005-06-11,282
2005-06-12,258
2005-06-13,267
2005-06-14,285
2005-06-15,273
2005-06-16,296
2005-06-17,310
2005-06-18,315
2005-06-19,263
2005-06-20,270
2005-06-21,321
2005-06-22,307
2005-06-23,273
2005-06-24,350
2005-06-25,289
2005-06-26,266
2005-06-27,248
2005-06-28,293
2005-06-29,294
2005-06-30,276
2005-07-01,301
2005-07-02,272
2005-07-03,257
2005-07-04,300
2005-07-05,253
2005-07-06,250
2005-07-07,251
2005-07-08,278
2005-07-09,273
2005-07-10,215
2005-07-11,231
2005-07-12,288
2005-07-13,240
2005-07-14,225
2005-07-15,241
2005-07-16,213
2005-07-17,223
2005-07-18,219
2005-07-19,226
2005-07-20,229
2005-07-21,248
2005-07-22,251
2005-07-23,233
2005-07-24,211
2005-07-25,219
2005-07-26,208
2005-07-27,247
2005-07-28,277
2005-07-29,318
2005-07-30,268
2005-07-31,193
2005-08-01,204
2005-08-02,223
2005-08-03,241
2005-08-04,203
2005-08-05,232
2005-08-06,219
2005-08-07,182
2005-08-08,238
2005-08-09,212
2005-08-10,214
2005-08-11,202
2005-08-12,231
2005-08-13,216
2005-08-14,184
2005-08-15,136
2005-08-16,235
2005-08-17,199
2005-08-18,196
2005-08-19,188
2005-08-20,222
2005-08-21,160
2005-08-22,198
2005-08-23,214
2005-08-24,203
2005-08-25,229
2005-08-26,203
2005-08-27,203
2005-08-28,180
2005-08-29,234
2005-08-30,230
2005-08-31,248
2005-09-01,230
2005-09-02,284
2005-09-03,252
2005-09-04,237
2005-09-05,229
2005-09-06,277
2005-09-07,264
2005-09-08,263
2005-09-09,282
2005-09-10,278
2005-09-11,216
2005-09-12,263
2005-09-13,229
2005-09-14,229
2005-09-15,232
2005-09-16,300
2005-09-17,243
2005-09-18,238
2005-09-19,297
2005-09-20,256
2005-09-21,290
2005-09-22,311
2005-09-23,345
2005-09-24,248
2005-09-25,206
2005-09-26,250
2005-09-27,294
2005-09-28,246
2005-09-29,264
2005-09-30,364
2005-10-01,284
2005-10-02,233
2005-10-03,255
2005-10-04,250
2005-10-05,245
2005-10-06,249
2005-10-07,350
2005-10-08,256
2005-10-09,248
2005-10-10,303
2005-10-11,285
2005-10-12,269
2005-10-13,243
2005-10-14,309
2005-10-15,303
2005-10-16,216
2005-10-17,257
2005-10-18,260
2005-10-19,263
2005-10-20,279
2005-10-21,307
2005-10-22,245
2005-10-23,175
2005-10-24,210
2005-10-25,254
2005-10-26,247
2005-10-27,305
2005-10-28,268
2005-10-29,242
2005-10-30,221
2005-10-31,226
2005-11-01,170
2005-11-02,291
2005-11-03,256
2005-11-04,319
2005-11-05,222
2005-11-06,175
2005-11-07,266
2005-11-08,270
2005-11-09,291
2005-11-10,291
2005-11-11,210
2005-11-12,258
2005-11-13,186
2005-11-14,261
2005-11-15,267
2005-11-16,262
2005-11-17,249
2005-11-18,322
2005-11-19,249
2005-11-20,170
2005-11-21,273
2005-11-22,291
2005-11-23,276
2005-11-24,267
2005-11-25,344
2005-11-26,229
2005-11-27,183
2005-11-28,246
2005-11-29,280
2005-11-30,271
2005-12-01,275
2005-12-02,321
2005-12-03,277
2005-12-04,218
2005-12-05,252
2005-12-06,266
2005-12-07,270
2005-12-08,303
2005-12-09,308
2005-12-10,260
2005-12-11,172
2005-12-12,214
2005-12-13,221
2005-12-14,221
2005-12-15,275
2005-12-16,349
2005-12-17,239
2005-12-18,195
2005-12-19,271
2005-12-20,250
2005-12-21,200
2005-12-22,237
2005-12-23,297
2005-12-24,188
2005-12-25,135
2005-12-26,159
2005-12-27,146
2005-12-28,136
2005-12-29,117
2005-12-30,158
2005-12-31,159
2006-01-01,151
2006-01-02,128
2006-01-03,188
2006-01-04,208
2006-01-05,185
2006-01-06,223
2006-01-07,187
2006-01-08,145
2006-01-09,211
2006-01-10,244
2006-01-11,272
2006-01-12,254
2006-01-13,281
2006-01-14,244
2006-01-15,155
2006-01-16,212
2006-01-17,259
2006-01-18,216
2006-01-19,224
2006-01-20,256
2006-01-21,212
2006-01-22,142
2006-01-23,191
2006-01-24,228
2006-01-25,223
2006-01-26,183
2006-01-27,204
2006-01-28,155
2006-01-29,113
2006-01-30,188
2006-01-31,243
2006-02-01,210
2006-02-02,233
2006-02-03,223
2006-02-04,182
2006-02-05,135
2006-02-06,178
2006-02-07,188
2006-02-08,206
2006-02-09,218
2006-02-10,228
2006-02-11,223
2006-02-12,130
2006-02-13,198
2006-02-14,232
2006-02-15,204
2006-02-16,192
2006-02-17,208
2006-02-18,195
2006-02-19,159
2006-02-20,171
2006-02-21,173
2006-02-22,155
2006-02-23,156
2006-02-24,193
2006-02-25,181
2006-02-26,131
2006-02-27,174
2006-02-28,218
2006-03-01,240
2006-03-02,183
2006-03-03,230
2006-03-04,173
2006-03-05,153
2006-03-06,194
2006-03-07,227
2006-03-08,205
2006-03-09,242
2006-03-10,212
2006-03-11,189
2006-03-12,138
2006-03-13,189
2006-03-14,215
2006-03-15,214
2006-03-16,196
2006-03-17,239
2006-03-18,210
2006-03-19,156
2006-03-20,188
2006-03-21,176
2006-03-22,190
2006-03-23,216
2006-03-24,246
2006-03-25,214
2006-03-26,168
2006-03-27,181
2006-03-28,208
2006-03-29,209
2006-03-30,209
2006-03-31,235
2006-04-01,213
2006-04-02,177
2006-04-03,225
2006-04-04,260
2006-04-05,218
2006-04-06,255
2006-04-07,292
2006-04-08,279
2006-04-09,176
2006-04-10,197
2006-04-11,224
2006-04-12,193
2006-04-13,200
2006-04-14,239
2006-04-15,191
2006-04-16,175
2006-04-17,144
2006-04-18,210
2006-04-19,200
2006-04-20,215
2006-04-21,267
2006-04-22,257
2006-04-23,208
2006-04-24,235
2006-04-25,208
2006-04-26,199
2006-04-27,207
2006-04-28,231
2006-04-29,206
2006-04-30,179
2006-05-01,160
2006-05-02,247
2006-05-03,254
2006-05-04,230
2006-05-05,261
2006-05-06,228
2006-05-07,188
2006-05-08,147
2006-05-09,232
2006-05-10,219
2006-05-11,241
2006-05-12,240
2006-05-13,241
2006-05-14,202
2006-05-15,203
2006-05-16,262
2006-05-17,233
2006-05-18,215
2006-05-19,274
2006-05-20,230
2006-05-21,193
2006-05-22,222
2006-05-23,235
2006-05-24,268
2006-05-25,165
2006-05-26,222
2006-05-27,187
2006-05-28,184
2006-05-29,265
2006-05-30,270
2006-05-31,243
2006-06-01,225
2006-06-02,319
2006-06-03,266
2006-06-04,205
2006-06-05,166
2006-06-06,319
2006-06-07,277
2006-06-08,270
2006-06-09,330
2006-06-10,265
2006-06-11,247
2006-06-12,285
2006-06-13,285
2006-06-14,258
2006-06-15,247
2006-06-16,298
2006-06-17,287
2006-06-18,209
2006-06-19,244
2006-06-20,273
2006-06-21,254
2006-06-22,284
2006-06-23,286
2006-06-24,257
2006-06-25,214
2006-06-26,238
2006-06-27,272
2006-06-28,242
2006-06-29,266
2006-06-30,288
2006-07-01,298
2006-07-02,242
2006-07-03,295
2006-07-04,268
2006-07-05,311
2006-07-06,272
2006-07-07,273
2006-07-08,234
2006-07-09,199
2006-07-10,231
2006-07-11,255
2006-07-12,243
2006-07-13,280
2006-07-14,178
2006-07-15,217
2006-07-16,187
2006-07-17,236
2006-07-18,248
2006-07-19,260
2006-07-20,223
2006-07-21,243
2006-07-22,225
2006-07-23,187
2006-07-24,211
2006-07-25,238
2006-07-26,246
2006-07-27,224
2006-07-28,283
2006-07-29,209
2006-07-30,207
2006-07-31,214
2006-08-01,208
2006-08-02,228
2006-08-03,194
2006-08-04,212
2006-08-05,217
2006-08-06,176
2006-08-07,167
2006-08-08,190
2006-08-09,170
2006-08-10,197
2006-08-11,210
2006-08-12,177
2006-08-13,173
2006-08-14,167
2006-08-15,159
2006-08-16,187
2006-08-17,159
2006-08-18,183
2006-08-19,169
2006-08-20,179
2006-08-21,199
2006-08-22,194
2006-08-23,228
2006-08-24,212
2006-08-25,239
2006-08-26,209
2006-08-27,177
2006-08-28,222
2006-08-29,224
2006-08-30,214
2006-08-31,234
2006-09-01,273
2006-09-02,191
2006-09-03,197
2006-09-04,215
2006-09-05,247
2006-09-06,246
2006-09-07,259
2006-09-08,302
2006-09-09,287
2006-09-10,216
2006-09-11,243
2006-09-12,257
2006-09-13,261
2006-09-14,250
2006-09-15,307
2006-09-16,243
2006-09-17,179
2006-09-18,239
2006-09-19,250
2006-09-20,277
2006-09-21,263
2006-09-22,290
2006-09-23,283
2006-09-24,193
2006-09-25,241
2006-09-26,278
2006-09-27,244
2006-09-28,240
2006-09-29,279
2006-09-30,239
2006-10-01,195
2006-10-02,253
2006-10-03,301
2006-10-04,274
2006-10-05,260
2006-10-06,299
2006-10-07,284
2006-10-08,211
2006-10-09,272
2006-10-10,224
2006-10-11,252
2006-10-12,279
2006-10-13,299
2006-10-14,250
2006-10-15,208
2006-10-16,258
2006-10-17,229
2006-10-18,255
2006-10-19,273
2006-10-20,312
2006-10-21,213
2006-10-22,186
2006-10-23,253
2006-10-24,236
2006-10-25,241
2006-10-26,245
2006-10-27,323
2006-10-28,238
2006-10-29,191
2006-10-30,279
2006-10-31,224
2006-11-01,172
2006-11-02,254
2006-11-03,251
2006-11-04,195
2006-11-05,177
2006-11-06,244
2006-11-07,249
2006-11-08,270
2006-11-09,252
2006-11-10,327
2006-11-11,208
2006-11-12,191
2006-11-13,263
2006-11-14,263
2006-11-15,286
2006-11-16,291
2006-11-17,364
2006-11-18,320
2006-11-19,209
2006-11-20,236
2006-11-21,282
2006-11-22,271
2006-11-23,321
2006-11-24,286
2006-11-25,195
2006-11-26,192
2006-11-27,201
2006-11-28,290
2006-11-29,272
2006-11-30,226
2006-12-01,298
2006-12-02,240
2006-12-03,186
2006-12-04,268
2006-12-05,293
2006-12-06,256
2006-12-07,300
2006-12-08,344
2006-12-09,282
2006-12-10,177
2006-12-11,297
2006-12-12,285
2006-12-13,262
2006-12-14,291
2006-12-15,321
2006-12-16,267
2006-12-17,208
2006-12-18,252
2006-12-19,261
2006-12-20,289
2006-12-21,271
2006-12-22,347
2006-12-23,239
2006-12-24,126
2006-12-25,91
2006-12-26,163
2006-12-27,144
2006-12-28,179
2006-12-29,193
2006-12-30,173
2006-12-31,134
2007-01-01,167
2007-01-02,198
2007-01-03,182
2007-01-04,188
2007-01-05,221
2007-01-06,223
2007-01-07,132
2007-01-08,263
2007-01-09,240
2007-01-10,269
2007-01-11,253
2007-01-12,268
2007-01-13,207
2007-01-14,176
2007-01-15,234
2007-01-16,204
2007-01-17,217
2007-01-18,232
2007-01-19,272
2007-01-20,243
2007-01-21,158
2007-01-22,197
2007-01-23,231
2007-01-24,157
2007-01-25,189
2007-01-26,192
2007-01-27,205
2007-01-28,130
2007-01-29,192
2007-01-30,193
2007-01-31,185
2007-02-01,249
2007-02-02,262
2007-02-03,226
2007-02-04,186
2007-02-05,190
2007-02-06,231
2007-02-07,234
2007-02-08,265
2007-02-09,285
2007-02-10,229
2007-02-11,176
2007-02-12,220
2007-02-13,227
2007-02-14,219
2007-02-15,241
2007-02-16,234
2007-02-17,189
2007-02-18,178
2007-02-19,188
2007-02-20,201
2007-02-21,200
2007-02-22,201
2007-02-23,187
2007-02-24,212
2007-02-25,173
2007-02-26,179
2007-02-27,192
2007-02-28,198
2007-03-01,210
2007-03-02,262
2007-03-03,234
2007-03-04,176
2007-03-05,215
2007-03-06,231
2007-03-07,215
2007-03-08,238
2007-03-09,226
2007-03-10,256
2007-03-11,203
2007-03-12,220
2007-03-13,243
2007-03-14,241
2007-03-15,240
2007-03-16,282
2007-03-17,208
2007-03-18,161
2007-03-19,229
2007-03-20,214
2007-03-21,219
2007-03-22,192
2007-03-23,253
2007-03-24,187
2007-03-25,139
2007-03-26,196
2007-03-27,202
2007-03-28,228
2007-03-29,197
2007-03-30,272
2007-03-31,199
2007-04-01,182
2007-04-02,197
2007-04-03,202
2007-04-04,203
2007-04-05,247
2007-04-06,308
2007-04-07,255
2007-04-08,234
2007-04-09,175
2007-04-10,252
2007-04-11,246
2007-04-12,242
2007-04-13,238
2007-04-14,243
2007-04-15,201
2007-04-16,204
2007-04-17,230
2007-04-18,235
2007-04-19,226
2007-04-20,297
2007-04-21,264
2007-04-22,239
2007-04-23,219
2007-04-24,235
2007-04-25,263
2007-04-26,250
2007-04-27,268
2007-04-28,250
2007-04-29,190
2007-04-30,229
2007-05-01,190
2007-05-02,269
2007-05-03,230
2007-05-04,261
2007-05-05,223
2007-05-06,214
2007-05-07,176
2007-05-08,165
2007-05-09,229
2007-05-10,196
2007-05-11,268
2007-05-12,217
2007-05-13,208
2007-05-14,242
2007-05-15,210
2007-05-16,248
2007-05-17,182
2007-05-18,239
2007-05-19,218
2007-05-20,195
2007-05-21,218
2007-05-22,244
2007-05-23,228
2007-05-24,229
2007-05-25,288
2007-05-26,219
2007-05-27,212
2007-05-28,195
2007-05-29,255
2007-05-30,269
2007-05-31,247
2007-06-01,269
2007-06-02,232
2007-06-03,159
2007-06-04,218
2007-06-05,240
2007-06-06,291
2007-06-07,241
2007-06-08,284
2007-06-09,279
2007-06-10,250
2007-06-11,243
2007-06-12,277
2007-06-13,270
2007-06-14,245
2007-06-15,337
2007-06-16,302
2007-06-17,206
2007-06-18,200
2007-06-19,273
2007-06-20,247
2007-06-21,268
2007-06-22,343
2007-06-23,236
2007-06-24,201
2007-06-25,249
2007-06-26,243
2007-06-27,219
2007-06-28,250
2007-06-29,288
2007-06-30,230
2007-07-01,203
2007-07-02,227
2007-07-03,281
2007-07-04,270
2007-07-05,243
2007-07-06,305
2007-07-07,279
2007-07-08,211
2007-07-09,230
2007-07-10,254
2007-07-11,221
2007-07-12,240
2007-07-13,280
2007-07-14,237
2007-07-15,228
2007-07-16,231
2007-07-17,256
2007-07-18,234
2007-07-19,228
2007-07-20,244
2007-07-21,235
2007-07-22,195
2007-07-23,253
2007-07-24,197
2007-07-25,221
2007-07-26,238
2007-07-27,277
2007-07-28,209
2007-07-29,197
2007-07-30,206
2007-07-31,242
2007-08-01,209
2007-08-02,204
2007-08-03,268
2007-08-04,237
2007-08-05,188
2007-08-06,190
2007-08-07,202
2007-08-08,189
2007-08-09,188
2007-08-10,211
2007-08-11,209
2007-08-12,157
2007-08-13,172
2007-08-14,212
2007-08-15,154
2007-08-16,184
2007-08-17,206
2007-08-18,196
2007-08-19,167
2007-08-20,209
2007-08-21,187
2007-08-22,204
2007-08-23,228
2007-08-24,192
2007-08-25,210
2007-08-26,178
2007-08-27,199
2007-08-28,204
2007-08-29,203
2007-08-30,220
2007-08-31,258
2007-09-01,220
2007-09-02,187
2007-09-03,202
2007-09-04,256
2007-09-05,237
2007-09-06,235
2007-09-07,258
2007-09-08,292
2007-09-09,193
2007-09-10,209
2007-09-11,253
2007-09-12,274
2007-09-13,280
2007-09-14,312
2007-09-15,257
2007-09-16,213
2007-09-17,253
2007-09-18,264
2007-09-19,268
2007-09-20,288
2007-09-21,301
2007-09-22,248
2007-09-23,213
2007-09-24,244
2007-09-25,261
2007-09-26,260
2007-09-27,218
2007-09-28,360
2007-09-29,249
2007-09-30,194
2007-10-01,242
2007-10-02,228
2007-10-03,261
2007-10-04,237
2007-10-05,304
2007-10-06,262
2007-10-07,218
2007-10-08,257
2007-10-09,230
2007-10-10,276
2007-10-11,256
2007-10-12,306
2007-10-13,231
2007-10-14,228
2007-10-15,248
2007-10-16,289
2007-10-17,271
2007-10-18,288
2007-10-19,318
2007-10-20,239
2007-10-21,202
2007-10-22,242
2007-10-23,265
2007-10-24,248
2007-10-25,250
2007-10-26,286
2007-10-27,231
2007-10-28,186
2007-10-29,272
2007-10-30,235
2007-10-31,267
2007-11-01,161
2007-11-02,205
2007-11-03,176
2007-11-04,143
2007-11-05,225
2007-11-06,219
2007-11-07,223
2007-11-08,263
2007-11-09,297
2007-11-10,240
2007-11-11,188
2007-11-12,233
2007-11-13,251
2007-11-14,280
2007-11-15,304
2007-11-16,317
2007-11-17,242
2007-11-18,162
2007-11-19,282
2007-11-20,280
2007-11-21,315
2007-11-22,307
2007-11-23,299
2007-11-24,234
2007-11-25,186
2007-11-26,225
2007-11-27,240
2007-11-28,242
2007-11-29,252
2007-11-30,257
2007-12-01,251
2007-12-02,165
2007-12-03,264
2007-12-04,216
2007-12-05,254
2007-12-06,274
2007-12-07,311
2007-12-08,266
2007-12-09,215
2007-12-10,276
2007-12-11,280
2007-12-12,282
2007-12-13,251
2007-12-14,290
2007-12-15,224
2007-12-16,162
2007-12-17,204
2007-12-18,262
2007-12-19,255
2007-12-20,264
2007-12-21,338
2007-12-22,225
2007-12-23,158
2007-12-24,180
2007-12-25,85
2007-12-26,164
2007-12-27,164
2007-12-28,168
2007-12-29,143
2007-12-30,125
2007-12-31,131
2008-01-01,115
2008-01-02,134
2008-01-03,181
2008-01-04,182
2008-01-05,179
2008-01-06,158
2008-01-07,213
2008-01-08,212
2008-01-09,218
2008-01-10,231
2008-01-11,254
2008-01-12,218
2008-01-13,171
2008-01-14,205
2008-01-15,250
2008-01-16,246
2008-01-17,196
2008-01-18,276
2008-01-19,188
2008-01-20,116
2008-01-21,186
2008-01-22,210
2008-01-23,211
2008-01-24,217
2008-01-25,265
2008-01-26,188
2008-01-27,136
2008-01-28,196
2008-01-29,170
2008-01-30,221
2008-01-31,208
2008-02-01,259
2008-02-02,201
2008-02-03,99
2008-02-04,229
2008-02-05,205
2008-02-06,217
2008-02-07,237
2008-02-08,257
2008-02-09,222
2008-02-10,168
2008-02-11,210
2008-02-12,216
2008-02-13,220
2008-02-14,211
2008-02-15,199
2008-02-16,211
2008-02-17,149
2008-02-18,206
2008-02-19,217
2008-02-20,172
2008-02-21,194
2008-02-22,234
2008-02-23,183
2008-02-24,160
2008-02-25,163
2008-02-26,216
2008-02-27,193
2008-02-28,209
2008-02-29,185
2008-03-01,201
2008-03-02,154
2008-03-03,199
2008-03-04,202
2008-03-05,219
2008-03-06,198
2008-03-07,198
2008-03-08,181
2008-03-09,179
2008-03-10,189
2008-03-11,201
2008-03-12,204
2008-03-13,214
2008-03-14,238
2008-03-15,244
2008-03-16,157
2008-03-17,173
2008-03-18,203
2008-03-19,195
2008-03-20,194
2008-03-21,255
2008-03-22,170
2008-03-23,156
2008-03-24,129
2008-03-25,199
2008-03-26,177
2008-03-27,219
2008-03-28,218
2008-03-29,239
2008-03-30,175
2008-03-31,169
2008-04-01,192
2008-04-02,217
2008-04-03,215
2008-04-04,258
2008-04-05,196
2008-04-06,193
2008-04-07,202
2008-04-08,176
2008-04-09,181
2008-04-10,212
2008-04-11,226
2008-04-12,204
2008-04-13,149
2008-04-14,196
2008-04-15,213
2008-04-16,220
2008-04-17,189
2008-04-18,215
2008-04-19,224
2008-04-20,150
2008-04-21,162
2008-04-22,158
2008-04-23,184
2008-04-24,192
2008-04-25,213
2008-04-26,209
2008-04-27,165
2008-04-28,191
2008-04-29,209
2008-04-30,216
2008-05-01,161
2008-05-02,184
2008-05-03,211
2008-05-04,179
2008-05-05,194
2008-05-06,214
2008-05-07,245
2008-05-08,202
2008-05-09,210
2008-05-10,237
2008-05-11,222
2008-05-12,139
2008-05-13,282
2008-05-14,215
2008-05-15,224
2008-05-16,264
2008-05-17,207
2008-05-18,175
2008-05-19,180
2008-05-20,217
2008-05-21,221
2008-05-22,221
2008-05-23,248
2008-05-24,211
2008-05-25,181
2008-05-26,215
2008-05-27,211
2008-05-28,204
2008-05-29,200
2008-05-30,257
2008-05-31,186
2008-06-01,175
2008-06-02,240
2008-06-03,219
2008-06-04,224
2008-06-05,234
2008-06-06,242
2008-06-07,196
2008-06-08,152
2008-06-09,201
2008-06-10,231
2008-06-11,261
2008-06-12,236
2008-06-13,274
2008-06-14,221
2008-06-15,156
2008-06-16,199
2008-06-17,222
2008-06-18,212
2008-06-19,239
2008-06-20,242
2008-06-21,260
2008-06-22,199
2008-06-23,239
2008-06-24,233
2008-06-25,266
2008-06-26,277
2008-06-27,314
2008-06-28,234
2008-06-29,175
2008-06-30,236
2008-07-01,304
2008-07-02,262
2008-07-03,249
2008-07-04,311
2008-07-05,252
2008-07-06,179
2008-07-07,230
2008-07-08,202
2008-07-09,242
2008-07-10,252
2008-07-11,262
2008-07-12,210
2008-07-13,201
2008-07-14,157
2008-07-15,238
2008-07-16,203
2008-07-17,215
2008-07-18,270
2008-07-19,221
2008-07-20,200
2008-07-21,193
2008-07-22,236
2008-07-23,226
2008-07-24,208
2008-07-25,227
2008-07-26,231
2008-07-27,181
2008-07-28,192
2008-07-29,194
2008-07-30,232
2008-07-31,191
2008-08-01,228
2008-08-02,218
2008-08-03,162
2008-08-04,183
2008-08-05,205
2008-08-06,191
2008-08-07,180
2008-08-08,210
2008-08-09,178
2008-08-10,137
2008-08-11,172
2008-08-12,173
2008-08-13,162
2008-08-14,153
2008-08-15,142
2008-08-16,137
2008-08-17,149
2008-08-18,157
2008-08-19,169
2008-08-20,149
2008-08-21,169
2008-08-22,223
2008-08-23,147
2008-08-24,155
2008-08-25,173
2008-08-26,178
2008-08-27,194
2008-08-28,193
2008-08-29,232
2008-08-30,241
2008-08-31,171
2008-09-01,214
2008-09-02,230
2008-09-03,234
2008-09-04,203
2008-09-05,272
2008-09-06,227
2008-09-07,146
2008-09-08,223
2008-09-09,225
2008-09-10,252
2008-09-11,228
2008-09-12,280
2008-09-13,221
2008-09-14,182
2008-09-15,258
2008-09-16,229
2008-09-17,211
2008-09-18,226
2008-09-19,302
2008-09-20,239
2008-09-21,199
2008-09-22,217
2008-09-23,209
2008-09-24,231
2008-09-25,203
2008-09-26,317
2008-09-27,254
2008-09-28,201
2008-09-29,225
2008-09-30,234
2008-10-01,248
2008-10-02,242
2008-10-03,327
2008-10-04,247
2008-10-05,186
2008-10-06,220
2008-10-07,266
2008-10-08,281
2008-10-09,259
2008-10-10,307
2008-10-11,246
2008-10-12,212
2008-10-13,227
2008-10-14,229
2008-10-15,243
2008-10-16,260
2008-10-17,311
2008-10-18,239
2008-10-19,167
2008-10-20,248
2008-10-21,285
2008-10-22,234
2008-10-23,241
2008-10-24,260
2008-10-25,231
2008-10-26,183
2008-10-27,246
2008-10-28,184
2008-10-29,196
2008-10-30,240
2008-10-31,259
2008-11-01,191
2008-11-02,140
2008-11-03,194
2008-11-04,214
2008-11-05,196
2008-11-06,246
2008-11-07,258
2008-11-08,241
2008-11-09,163
2008-11-10,176
2008-11-11,145
2008-11-12,238
2008-11-13,217
2008-11-14,273
2008-11-15,206
2008-11-16,138
2008-11-17,227
2008-11-18,257
2008-11-19,218
2008-11-20,222
2008-11-21,287
2008-11-22,200
2008-11-23,130
2008-11-24,230
2008-11-25,266
2008-11-26,230
2008-11-27,201
2008-11-28,243
2008-11-29,200
2008-11-30,173
2008-12-01,250
2008-12-02,250
2008-12-03,287
2008-12-04,242
2008-12-05,273
2008-12-06,255
2008-12-07,174
2008-12-08,206
2008-12-09,235
2008-12-10,234
2008-12-11,227
2008-12-12,246
2008-12-13,209
2008-12-14,152
2008-12-15,212
2008-12-16,190
2008-12-17,250
2008-12-18,221
2008-12-19,293
2008-12-20,192
2008-12-21,173
2008-12-22,180
2008-12-23,205
2008-12-24,158
2008-12-25,94
2008-12-26,135
2008-12-27,132
2008-12-28,122
2008-12-29,137
2008-12-30,150
2008-12-31,150
2009-01-01,114
2009-01-02,129
2009-01-03,133
2009-01-04,86
2009-01-05,165
2009-01-06,134
2009-01-07,147
2009-01-08,166
2009-01-09,204
2009-01-10,176
2009-01-11,129
2009-01-12,224
2009-01-13,189
2009-01-14,226
2009-01-15,223
2009-01-16,246
2009-01-17,173
2009-01-18,121
2009-01-19,195
2009-01-20,214
2009-01-21,187
2009-01-22,209
2009-01-23,194
2009-01-24,158
2009-01-25,129
2009-01-26,176
2009-01-27,166
2009-01-28,181
2009-01-29,179
2009-01-30,257
2009-01-31,165
2009-02-01,119
2009-02-02,177
2009-02-03,170
2009-02-04,189
2009-02-05,190
2009-02-06,252
2009-02-07,187
2009-02-08,128
2009-02-09,186
2009-02-10,178
2009-02-11,198
2009-02-12,162
2009-02-13,197
2009-02-14,185
2009-02-15,119
2009-02-16,170
2009-02-17,163
2009-02-18,149
2009-02-19,172
2009-02-20,189
2009-02-21,167
2009-02-22,139
2009-02-23,151
2009-02-24,156
2009-02-25,173
2009-02-26,154
2009-02-27,178
2009-02-28,226
2009-03-01,146
2009-03-02,178
2009-03-03,170
2009-03-04,173
2009-03-05,185
2009-03-06,200
2009-03-07,194
2009-03-08,148
2009-03-09,183
2009-03-10,183
2009-03-11,195
2009-03-12,201
2009-03-13,228
2009-03-14,208
2009-03-15,154
2009-03-16,218
2009-03-17,215
2009-03-18,217
2009-03-19,232
2009-03-20,246
2009-03-21,226
2009-03-22,132
2009-03-23,183
2009-03-24,171
2009-03-25,181
2009-03-26,183
2009-03-27,223
2009-03-28,189
2009-03-29,131
2009-03-30,185
2009-03-31,207
2009-04-01,203
2009-04-02,227
2009-04-03,245
2009-04-04,227
2009-04-05,191
2009-04-06,213
2009-04-07,238
2009-04-08,196
2009-04-09,230
2009-04-10,265
2009-04-11,209
2009-04-12,177
2009-04-13,149
2009-04-14,179
2009-04-15,173
2009-04-16,186
2009-04-17,221
2009-04-18,192
2009-04-19,165
2009-04-20,167
2009-04-21,174
2009-04-22,208
2009-04-23,237
2009-04-24,266
2009-04-25,207
2009-04-26,164
2009-04-27,146
2009-04-28,189
2009-04-29,228
2009-04-30,247
2009-05-01,208
2009-05-02,176
2009-05-03,169
2009-05-04,193
2009-05-05,213
2009-05-06,238
2009-05-07,271
2009-05-08,172
2009-05-09,173
2009-05-10,186
2009-05-11,199
2009-05-12,196
2009-05-13,208
2009-05-14,214
2009-05-15,246
2009-05-16,209
2009-05-17,199
2009-05-18,212
2009-05-19,222
2009-05-20,262
2009-05-21,163
2009-05-22,223
2009-05-23,188
2009-05-24,189
2009-05-25,228
2009-05-26,220
2009-05-27,237
2009-05-28,223
2009-05-29,323
2009-05-30,277
2009-05-31,201
2009-06-01,155
2009-06-02,272
2009-06-03,289
2009-06-04,271
2009-06-05,279
2009-06-06,250
2009-06-07,172
2009-06-08,224
2009-06-09,256
2009-06-10,229
2009-06-11,241
2009-06-12,279
2009-06-13,263
2009-06-14,202
2009-06-15,214
2009-06-16,205
2009-06-17,252
2009-06-18,209
2009-06-19,281
2009-06-20,221
2009-06-21,215
2009-06-22,246
2009-06-23,235
2009-06-24,251
2009-06-25,221
2009-06-26,265
2009-06-27,257
2009-06-28,234
2009-06-29,250
2009-06-30,245
2009-07-01,223
2009-07-02,254
2009-07-03,258
2009-07-04,239
2009-07-05,202
2009-07-06,206
2009-07-07,255
2009-07-08,243
2009-07-09,224
2009-07-10,253
2009-07-11,206
2009-07-12,201
2009-07-13,215
2009-07-14,155
2009-07-15,225
2009-07-16,226
2009-07-17,263
2009-07-18,187
2009-07-19,153
2009-07-20,176
2009-07-21,201
2009-07-22,175
2009-07-23,207
2009-07-24,251
2009-07-25,210
2009-07-26,186
2009-07-27,218
2009-07-28,218
2009-07-29,190
2009-07-30,221
2009-07-31,201
2009-08-01,200
2009-08-02,159
2009-08-03,163
2009-08-04,165
2009-08-05,241
2009-08-06,184
2009-08-07,185
2009-08-08,200
2009-08-09,153
2009-08-10,175
2009-08-11,180
2009-08-12,184
2009-08-13,176
2009-08-14,237
2009-08-15,220
2009-08-16,158
2009-08-17,219
2009-08-18,182
2009-08-19,197
2009-08-20,183
2009-08-21,209
2009-08-22,227
2009-08-23,172
2009-08-24,195
2009-08-25,184
2009-08-26,167
2009-08-27,181
2009-08-28,229
2009-08-29,190
2009-08-30,186
2009-08-31,235
2009-09-01,230
2009-09-02,199
2009-09-03,209
2009-09-04,269
2009-09-05,184
2009-09-06,198
2009-09-07,231
2009-09-08,234
2009-09-09,224
2009-09-10,237
2009-09-11,288
2009-09-12,231
2009-09-13,206
2009-09-14,239
2009-09-15,235
2009-09-16,177
2009-09-17,215
2009-09-18,244
2009-09-19,224
2009-09-20,172
2009-09-21,207
2009-09-22,221
2009-09-23,239
2009-09-24,258
2009-09-25,291
2009-09-26,232
2009-09-27,184
2009-09-28,215
2009-09-29,247
2009-09-30,243
2009-10-01,256
2009-10-02,295
2009-10-03,253
2009-10-04,174
2009-10-05,266
2009-10-06,275
2009-10-07,239
2009-10-08,275
2009-10-09,276
2009-10-10,247
2009-10-11,148
2009-10-12,211
2009-10-13,241
2009-10-14,251
2009-10-15,249
2009-10-16,299
2009-10-17,244
2009-10-18,163
2009-10-19,220
2009-10-20,183
2009-10-21,294
2009-10-22,220
2009-10-23,248
2009-10-24,265
2009-10-25,157
2009-10-26,181
2009-10-27,217
2009-10-28,223
2009-10-29,221
2009-10-30,200
2009-10-31,189
2009-11-01,182
2009-11-02,209
2009-11-03,231
2009-11-04,209
2009-11-05,233
2009-11-06,269
2009-11-07,238
2009-11-08,164
2009-11-09,199
2009-11-10,204
2009-11-11,143
2009-11-12,216
2009-11-13,238
2009-11-14,198
2009-11-15,138
2009-11-16,202
2009-11-17,236
2009-11-18,250
2009-11-19,236
2009-11-20,280
2009-11-21,214
2009-11-22,142
2009-11-23,198
2009-11-24,216
2009-11-25,196
2009-11-26,232
2009-11-27,219
2009-11-28,194
2009-11-29,132
2009-11-30,205
2009-12-01,241
2009-12-02,214
2009-12-03,231
2009-12-04,281
2009-12-05,219
2009-12-06,150
2009-12-07,210
2009-12-08,277
2009-12-09,269
2009-12-10,238
2009-12-11,250
2009-12-12,178
2009-12-13,121
2009-12-14,172
2009-12-15,192
2009-12-16,185
2009-12-17,190
2009-12-18,181
2009-12-19,134
2009-12-20,99
2009-12-21,164
2009-12-22,171
2009-12-23,199
2009-12-24,139
2009-12-25,105
2009-12-26,142
2009-12-27,112
2009-12-28,116
2009-12-29,168
2009-12-30,128
2009-12-31,125
2010-01-01,113
2010-01-02,96
2010-01-03,81
2010-01-04,171
2010-01-05,161
2010-01-06,161
2010-01-07,141
2010-01-08,138
2010-01-09,93
2010-01-10,96
2010-01-11,116
2010-01-12,135
2010-01-13,149
2010-01-14,203
2010-01-15,205
2010-01-16,154
2010-01-17,132
2010-01-18,172
2010-01-19,155
2010-01-20,178
2010-01-21,193
2010-01-22,179
2010-01-23,169
2010-01-24,131
2010-01-25,163
2010-01-26,156
2010-01-27,145
2010-01-28,193
2010-01-29,245
2010-01-30,159
2010-01-31,128
2010-02-01,193
2010-02-02,183
2010-02-03,187
2010-02-04,184
2010-02-05,222
2010-02-06,175
2010-02-07,122
2010-02-08,150
2010-02-09,136
2010-02-10,170
2010-02-11,147
2010-02-12,158
2010-02-13,109
2010-02-14,98
2010-02-15,163
2010-02-16,159
2010-02-17,169
2010-02-18,193
2010-02-19,176
2010-02-20,159
2010-02-21,124
2010-02-22,133
2010-02-23,160
2010-02-24,191
2010-02-25,138
2010-02-26,188
2010-02-27,166
2010-02-28,114
2010-03-01,160
2010-03-02,209
2010-03-03,154
2010-03-04,176
2010-03-05,207
2010-03-06,163
2010-03-07,148
2010-03-08,150
2010-03-09,166
2010-03-10,178
2010-03-11,165
2010-03-12,200
2010-03-13,169
2010-03-14,130
2010-03-15,201
2010-03-16,192
2010-03-17,215
2010-03-18,193
2010-03-19,230
2010-03-20,172
2010-03-21,148
2010-03-22,164
2010-03-23,213
2010-03-24,188
2010-03-25,178
2010-03-26,198
2010-03-27,204
2010-03-28,125
2010-03-29,193
2010-03-30,149
2010-03-31,165
2010-04-01,221
2010-04-02,234
2010-04-03,171
2010-04-04,148
2010-04-05,155
2010-04-06,218
2010-04-07,148
2010-04-08,169
2010-04-09,220
2010-04-10,181
2010-04-11,173
2010-04-12,184
2010-04-13,179
2010-04-14,201
2010-04-15,222
2010-04-16,226
2010-04-17,202
2010-04-18,214
2010-04-19,207
2010-04-20,215
2010-04-21,219
2010-04-22,170
2010-04-23,244
2010-04-24,230
2010-04-25,192
2010-04-26,170
2010-04-27,234
2010-04-28,218
2010-04-29,211
2010-04-30,243
2010-05-01,150
2010-05-02,174
2010-05-03,163
2010-05-04,193
2010-05-05,220
2010-05-06,184
2010-05-07,197
2010-05-08,175
2010-05-09,138
2010-05-10,192
2010-05-11,224
2010-05-12,212
2010-05-13,136
2010-05-14,196
2010-05-15,195
2010-05-16,143
2010-05-17,176
2010-05-18,176
2010-05-19,212
2010-05-20,224
2010-05-21,251
2010-05-22,245
2010-05-23,208
2010-05-24,190
2010-05-25,226
2010-05-26,236
2010-05-27,227
2010-05-28,245
2010-05-29,217
2010-05-30,170
2010-05-31,192
2010-06-01,208
2010-06-02,214
2010-06-03,255
2010-06-04,302
2010-06-05,244
2010-06-06,158
2010-06-07,217
2010-06-08,197
2010-06-09,247
2010-06-10,216
2010-06-11,263
2010-06-12,232
2010-06-13,172
2010-06-14,217
2010-06-15,195
2010-06-16,233
2010-06-17,174
2010-06-18,231
2010-06-19,210
2010-06-20,154
2010-06-21,223
2010-06-22,237
2010-06-23,204
2010-06-24,260
2010-06-25,277
2010-06-26,228
2010-06-27,204
2010-06-28,227
2010-06-29,261
2010-06-30,264
2010-07-01,247
2010-07-02,287
2010-07-03,193
2010-07-04,196
2010-07-05,222
2010-07-06,270
2010-07-07,276
2010-07-08,254
2010-07-09,242
2010-07-10,217
2010-07-11,190
2010-07-12,206
2010-07-13,224
2010-07-14,165
2010-07-15,217
2010-07-16,232
2010-07-17,186
2010-07-18,192
2010-07-19,188
2010-07-20,214
2010-07-21,185
2010-07-22,194
2010-07-23,192
2010-07-24,182
2010-07-25,136
2010-07-26,162
2010-07-27,173
2010-07-28,199
2010-07-29,197
2010-07-30,222
2010-07-31,191
2010-08-01,149
2010-08-02,169
2010-08-03,194
2010-08-04,178
2010-08-05,171
2010-08-06,177
2010-08-07,163
2010-08-08,150
2010-08-09,144
2010-08-10,158
2010-08-11,156
2010-08-12,134
2010-08-13,178
2010-08-14,149
2010-08-15,153
2010-08-16,162
2010-08-17,161
2010-08-18,162
2010-08-19,167
2010-08-20,217
2010-08-21,193
2010-08-22,153
2010-08-23,171
2010-08-24,198
2010-08-25,159
2010-08-26,186
2010-08-27,196
2010-08-28,162
2010-08-29,146
2010-08-30,214
2010-08-31,218
2010-09-01,241
2010-09-02,210
2010-09-03,260
2010-09-04,214
2010-09-05,188
2010-09-06,189
2010-09-07,234
2010-09-08,251
2010-09-09,233
2010-09-10,272
2010-09-11,218
2010-09-12,162
2010-09-13,187
2010-09-14,219
2010-09-15,235
2010-09-16,222
2010-09-17,267
2010-09-18,212
2010-09-19,191
2010-09-20,215
2010-09-21,257
2010-09-22,278
2010-09-23,197
2010-09-24,297
2010-09-25,193
2010-09-26,160
2010-09-27,200
2010-09-28,186
2010-09-29,194
2010-09-30,210
2010-10-01,279
2010-10-02,209
2010-10-03,179
2010-10-04,227
2010-10-05,225
2010-10-06,227
2010-10-07,262
2010-10-08,267
2010-10-09,239
2010-10-10,196
2010-10-11,261
2010-10-12,289
2010-10-13,231
2010-10-14,226
2010-10-15,243
2010-10-16,208
2010-10-17,139
2010-10-18,210
2010-10-19,204
2010-10-20,234
2010-10-21,209
2010-10-22,248
2010-10-23,198
2010-10-24,162
2010-10-25,215
2010-10-26,209
2010-10-27,195
2010-10-28,210
2010-10-29,202
2010-10-30,201
2010-10-31,173
2010-11-01,109
2010-11-02,219
2010-11-03,210
2010-11-04,193
2010-11-05,237
2010-11-06,237
2010-11-07,180
2010-11-08,269
2010-11-09,294
2010-11-10,252
2010-11-11,150
2010-11-12,217
2010-11-13,218
2010-11-14,142
2010-11-15,212
2010-11-16,237
2010-11-17,214
2010-11-18,236
2010-11-19,283
2010-11-20,194
2010-11-21,142
2010-11-22,176
2010-11-23,206
2010-11-24,213
2010-11-25,218
2010-11-26,235
2010-11-27,140
2010-11-28,95
2010-11-29,188
2010-11-30,182
2010-12-01,148
2010-12-02,141
2010-12-03,195
2010-12-04,136
2010-12-05,121
2010-12-06,192
2010-12-07,191
2010-12-08,200
2010-12-09,162
2010-12-10,195
2010-12-11,208
2010-12-12,134
2010-12-13,192
2010-12-14,185
2010-12-15,169
2010-12-16,173
2010-12-17,235
2010-12-18,140
2010-12-19,98
2010-12-20,129
2010-12-21,167
2010-12-22,169
2010-12-23,140
2010-12-24,142
2010-12-25,68
2010-12-26,86
2010-12-27,101
2010-12-28,127
2010-12-29,104
2010-12-30,101
2010-12-31,113
2011-01-01,107
2011-01-02,87
2011-01-03,124
2011-01-04,164
2011-01-05,182
2011-01-06,179
2011-01-07,184
2011-01-08,161
2011-01-09,121
2011-01-10,192
2011-01-11,184
2011-01-12,195
2011-01-13,180
2011-01-14,216
2011-01-15,193
2011-01-16,157
2011-01-17,180
2011-01-18,169
2011-01-19,166
2011-01-20,166
2011-01-21,225
2011-01-22,160
2011-01-23,102
2011-01-24,146
2011-01-25,168
2011-01-26,179
2011-01-27,156
2011-01-28,185
2011-01-29,140
2011-01-30,130
2011-01-31,164
2011-02-01,174
2011-02-02,203
2011-02-03,169
2011-02-04,194
2011-02-05,156
2011-02-06,145
2011-02-07,155
2011-02-08,187
2011-02-09,202
2011-02-10,168
2011-02-11,192
2011-02-12,176
2011-02-13,132
2011-02-14,136
2011-02-15,162
2011-02-16,165
2011-02-17,157
2011-02-18,188
2011-02-19,149
2011-02-20,103
2011-02-21,156
2011-02-22,140
2011-02-23,152
2011-02-24,147
2011-02-25,165
2011-02-26,173
2011-02-27,125
2011-02-28,147
2011-03-01,135
2011-03-02,150
2011-03-03,166
2011-03-04,187
2011-03-05,179
2011-03-06,157
2011-03-07,196
2011-03-08,222
2011-03-09,165
2011-03-10,193
2011-03-11,208
2011-03-12,179
2011-03-13,118
2011-03-14,164
2011-03-15,187
2011-03-16,170
2011-03-17,161
2011-03-18,221
2011-03-19,141
2011-03-20,136
2011-03-21,199
2011-03-22,199
2011-03-23,223
2011-03-24,224
2011-03-25,232
2011-03-26,174
2011-03-27,133
2011-03-28,174
2011-03-29,196
2011-03-30,161
2011-03-31,170
2011-04-01,233
2011-04-02,231
2011-04-03,144
2011-04-04,156
2011-04-05,205
2011-04-06,210
2011-04-07,236
2011-04-08,282
2011-04-09,204
2011-04-10,200
2011-04-11,191
2011-04-12,195
2011-04-13,172
2011-04-14,185
2011-04-15,210
2011-04-16,206
2011-04-17,197
2011-04-18,175
2011-04-19,223
2011-04-20,203
2011-04-21,219
2011-04-22,228
2011-04-23,193
2011-04-24,142
2011-04-25,129
2011-04-26,175
2011-04-27,211
2011-04-28,165
2011-04-29,191
2011-04-30,181
2011-05-01,173
2011-05-02,159
2011-05-03,215
2011-05-04,204
2011-05-05,226
2011-05-06,214
2011-05-07,199
2011-05-08,186
2011-05-09,177
2011-05-10,174
2011-05-11,234
2011-05-12,199
2011-05-13,260
2011-05-14,213
2011-05-15,157
2011-05-16,192
2011-05-17,208
2011-05-18,216
2011-05-19,195
2011-05-20,231
2011-05-21,212
2011-05-22,157
2011-05-23,238
2011-05-24,220
2011-05-25,235
2011-05-26,176
2011-05-27,222
2011-05-28,209
2011-05-29,184
2011-05-30,199
2011-05-31,198
2011-06-01,224
2011-06-02,136
2011-06-03,182
2011-06-04,181
2011-06-05,169
2011-06-06,140
2011-06-07,175
2011-06-08,208
2011-06-09,160
2011-06-10,240
2011-06-11,182
2011-06-12,150
2011-06-13,135
2011-06-14,218
2011-06-15,206
2011-06-16,217
2011-06-17,252
2011-06-18,196
2011-06-19,159
2011-06-20,185
2011-06-21,195
2011-06-22,203
2011-06-23,195
2011-06-24,255
2011-06-25,207
2011-06-26,197
2011-06-27,216
2011-06-28,215
2011-06-29,224
2011-06-30,254
2011-07-01,261
2011-07-02,224
2011-07-03,201
2011-07-04,214
2011-07-05,251
2011-07-06,213
2011-07-07,210
2011-07-08,218
2011-07-09,171
2011-07-10,158
2011-07-11,199
2011-07-12,174
2011-07-13,182
2011-07-14,143
2011-07-15,170
2011-07-16,169
2011-07-17,120
2011-07-18,158
2011-07-19,187
2011-07-20,152
2011-07-21,165
2011-07-22,178
2011-07-23,188
2011-07-24,135
2011-07-25,157
2011-07-26,147
2011-07-27,149
2011-07-28,160
2011-07-29,189
2011-07-30,159
2011-07-31,164
2011-08-01,184
2011-08-02,157
2011-08-03,138
2011-08-04,193
2011-08-05,174
2011-08-06,157
2011-08-07,143
2011-08-08,151
2011-08-09,148
2011-08-10,161
2011-08-11,156
2011-08-12,175
2011-08-13,123
2011-08-14,108
2011-08-15,127
2011-08-16,133
2011-08-17,140
2011-08-18,151
2011-08-19,175
2011-08-20,145
2011-08-21,125
2011-08-22,169
2011-08-23,169
2011-08-24,164
2011-08-25,167
2011-08-26,185
2011-08-27,148
2011-08-28,181
2011-08-29,166
2011-08-30,180
2011-08-31,195
2011-09-01,178
2011-09-02,212
2011-09-03,199
2011-09-04,150
2011-09-05,192
2011-09-06,178
2011-09-07,220
2011-09-08,215
2011-09-09,225
2011-09-10,182
2011-09-11,152
2011-09-12,180
2011-09-13,213
2011-09-14,211
2011-09-15,229
2011-09-16,224
2011-09-17,172
2011-09-18,157
2011-09-19,208
2011-09-20,201
2011-09-21,184
2011-09-22,235
2011-09-23,291
2011-09-24,203
2011-09-25,158
2011-09-26,200
2011-09-27,223
2011-09-28,258
2011-09-29,230
2011-09-30,251
2011-10-01,217
2011-10-02,193
2011-10-03,253
2011-10-04,226
2011-10-05,252
2011-10-06,236
2011-10-07,272
2011-10-08,181
2011-10-09,171
2011-10-10,173
2011-10-11,203
2011-10-12,207
2011-10-13,214
2011-10-14,278
2011-10-15,227
2011-10-16,167
2011-10-17,216
2011-10-18,187
2011-10-19,224
2011-10-20,217
2011-10-21,245
2011-10-22,164
2011-10-23,123
2011-10-24,187
2011-10-25,182
2011-10-26,168
2011-10-27,158
2011-10-28,192
2011-10-29,159
2011-10-30,125
2011-10-31,145
2011-11-01,137
2011-11-02,195
2011-11-03,205
2011-11-04,227
2011-11-05,183
2011-11-06,123
2011-11-07,167
2011-11-08,193
2011-11-09,184
2011-11-10,224
2011-11-11,133
2011-11-12,175
2011-11-13,133
2011-11-14,183
2011-11-15,190
2011-11-16,172
2011-11-17,205
2011-11-18,239
2011-11-19,208
2011-11-20,121
2011-11-21,178
2011-11-22,208
2011-11-23,170
2011-11-24,184
2011-11-25,217
2011-11-26,159
2011-11-27,126
2011-11-28,174
2011-11-29,200
2011-11-30,198
2011-12-01,217
2011-12-02,292
2011-12-03,227
2011-12-04,175
2011-12-05,227
2011-12-06,208
2011-12-07,229
2011-12-08,199
2011-12-09,264
2011-12-10,191
2011-12-11,131
2011-12-12,214
2011-12-13,239
2011-12-14,199
2011-12-15,213
2011-12-16,260
2011-12-17,192
2011-12-18,162
2011-12-19,184
2011-12-20,167
2011-12-21,183
2011-12-22,173
2011-12-23,173
2011-12-24,111
2011-12-25,77
2011-12-26,104
2011-12-27,136
2011-12-28,127
2011-12-29,137
2011-12-30,126
2011-12-31,129
2012-01-01,141
2012-01-02,143
2012-01-03,184
2012-01-04,176
2012-01-05,150
2012-01-06,184
2012-01-07,140
2012-01-08,107
2012-01-09,143
2012-01-10,173
2012-01-11,188
2012-01-12,175
2012-01-13,200
2012-01-14,163
2012-01-15,134
2012-01-16,177
2012-01-17,181
2012-01-18,190
2012-01-19,212
2012-01-20,233
2012-01-21,162
2012-01-22,89
2012-01-23,173
2012-01-24,176
2012-01-25,193
2012-01-26,158
2012-01-27,228
2012-01-28,153
2012-01-29,91
2012-01-30,113
2012-01-31,127
2012-02-01,134
2012-02-02,140
2012-02-03,188
2012-02-04,137
2012-02-05,84
2012-02-06,112
2012-02-07,139
2012-02-08,106
2012-02-09,164
2012-02-10,164
2012-02-11,144
2012-02-12,110
2012-02-13,117
2012-02-14,135
2012-02-15,149
2012-02-16,131
2012-02-17,186
2012-02-18,141
2012-02-19,115
2012-02-20,131
2012-02-21,155
2012-02-22,148
2012-02-23,163
2012-02-24,143
2012-02-25,134
2012-02-26,118
2012-02-27,123
2012-02-28,124
2012-02-29,148
2012-03-01,140
2012-03-02,193
2012-03-03,147
2012-03-04,122
2012-03-05,127
2012-03-06,157
2012-03-07,167
2012-03-08,186
2012-03-09,179
2012-03-10,178
2012-03-11,122
2012-03-12,157
2012-03-13,167
2012-03-14,185
2012-03-15,184
2012-03-16,227
2012-03-17,135
2012-03-18,121
2012-03-19,150
2012-03-20,163
2012-03-21,162
2012-03-22,171
2012-03-23,192
2012-03-24,178
2012-03-25,150
2012-03-26,159
2012-03-27,194
2012-03-28,221
2012-03-29,192
2012-03-30,207
2012-03-31,168
2012-04-01,173
2012-04-02,169
2012-04-03,166
2012-04-04,179
2012-04-05,168
2012-04-06,186
2012-04-07,154
2012-04-08,122
2012-04-09,105
2012-04-10,191
2012-04-11,163
2012-04-12,157
2012-04-13,159
2012-04-14,164
2012-04-15,123
2012-04-16,147
2012-04-17,164
2012-04-18,149
2012-04-19,152
2012-04-20,195
2012-04-21,146
2012-04-22,134
2012-04-23,112
2012-04-24,148
2012-04-25,134
2012-04-26,134
2012-04-27,149
2012-04-28,168
2012-04-29,124
2012-04-30,137
2012-05-01,141
2012-05-02,152
2012-05-03,161
2012-05-04,169
2012-05-05,155
2012-05-06,129
2012-05-07,136
2012-05-08,87
2012-05-09,184
2012-05-10,182
2012-05-11,211
2012-05-12,205
2012-05-13,160
2012-05-14,190
2012-05-15,221
2012-05-16,192
2012-05-17,147
2012-05-18,148
2012-05-19,163
2012-05-20,119
2012-05-21,169
2012-05-22,163
2012-05-23,189
2012-05-24,195
2012-05-25,246
2012-05-26,206
2012-05-27,151
2012-05-28,146
2012-05-29,221
2012-05-30,182
2012-05-31,220
2012-06-01,189
2012-06-02,201
2012-06-03,129
2012-06-04,167
2012-06-05,210
2012-06-06,199
2012-06-07,188
2012-06-08,219
2012-06-09,181
2012-06-10,155
2012-06-11,177
2012-06-12,203
2012-06-13,195
2012-06-14,194
2012-06-15,242
2012-06-16,200
2012-06-17,180
2012-06-18,177
2012-06-19,176
2012-06-20,180
2012-06-21,215
2012-06-22,240
2012-06-23,177
2012-06-24,154
2012-06-25,176
2012-06-26,208
2012-06-27,193
2012-06-28,198
2012-06-29,223
2012-06-30,200
2012-07-01,172
2012-07-02,192
2012-07-03,194
2012-07-04,187
2012-07-05,217
2012-07-06,220
2012-07-07,179
2012-07-08,118
2012-07-09,155
2012-07-10,147
2012-07-11,191
2012-07-12,179
2012-07-13,197
2012-07-14,150
2012-07-15,125
2012-07-16,157
2012-07-17,161
2012-07-18,177
2012-07-19,148
2012-07-20,189
2012-07-21,181
2012-07-22,152
2012-07-23,215
2012-07-24,199
2012-07-25,223
2012-07-26,168
2012-07-27,168
2012-07-28,166
2012-07-29,150
2012-07-30,159
2012-07-31,163
2012-08-01,148
2012-08-02,149
2012-08-03,184
2012-08-04,147
2012-08-05,129
2012-08-06,148
2012-08-07,139
2012-08-08,151
2012-08-09,144
2012-08-10,174
2012-08-11,153
2012-08-12,126
2012-08-13,124
2012-08-14,144
2012-08-15,111
2012-08-16,117
2012-08-17,176
2012-08-18,140
2012-08-19,121
2012-08-20,137
2012-08-21,161
2012-08-22,137
2012-08-23,171
2012-08-24,135
2012-08-25,152
2012-08-26,102
2012-08-27,165
2012-08-28,141
2012-08-29,159
2012-08-30,171
2012-08-31,190
2012-09-01,150
2012-09-02,131
2012-09-03,156
2012-09-04,173
2012-09-05,168
2012-09-06,229
2012-09-07,250
2012-09-08,221
2012-09-09,186
2012-09-10,192
2012-09-11,213
2012-09-12,166
2012-09-13,201
2012-09-14,232
2012-09-15,186
2012-09-16,171
2012-09-17,171
2012-09-18,168
2012-09-19,212
2012-09-20,199
2012-09-21,233
2012-09-22,189
2012-09-23,155
2012-09-24,225
2012-09-25,218
2012-09-26,180
2012-09-27,220
2012-09-28,270
2012-09-29,204
2012-09-30,176
2012-10-01,177
2012-10-02,219
2012-10-03,211
2012-10-04,244
2012-10-05,258
2012-10-06,209
2012-10-07,138
2012-10-08,202
2012-10-09,222
2012-10-10,200
2012-10-11,206
2012-10-12,250
2012-10-13,184
2012-10-14,143
2012-10-15,211
2012-10-16,199
2012-10-17,195
2012-10-18,185
2012-10-19,243
2012-10-20,202
2012-10-21,152
2012-10-22,185
2012-10-23,190
2012-10-24,201
2012-10-25,193
2012-10-26,214
2012-10-27,190
2012-10-28,110
2012-10-29,162
2012-10-30,172
2012-10-31,182
2012-11-01,132
2012-11-02,190
2012-11-03,157
2012-11-04,134
2012-11-05,167
2012-11-06,177
2012-11-07,196
2012-11-08,166
2012-11-09,210
2012-11-10,191
2012-11-11,134
2012-11-12,182
2012-11-13,200
2012-11-14,178
2012-11-15,172
2012-11-16,206
2012-11-17,181
2012-11-18,128
2012-11-19,186
2012-11-20,184
2012-11-21,177
2012-11-22,205
2012-11-23,238
2012-11-24,145
2012-11-25,119
2012-11-26,176
2012-11-27,181
2012-11-28,191
2012-11-29,193
2012-11-30,223
2012-12-01,160
2012-12-02,143
2012-12-03,211
2012-12-04,247
2012-12-05,178
2012-12-06,208
2012-12-07,181
2012-12-08,156
2012-12-09,115
2012-12-10,162
2012-12-11,182
2012-12-12,192
2012-12-13,189
2012-12-14,232
2012-12-15,181
2012-12-16,133
2012-12-17,191
2012-12-18,194
2012-12-19,228
2012-12-20,228
2012-12-21,264
2012-12-22,184
2012-12-23,118
2012-12-24,115
2012-12-25,72
2012-12-26,110
2012-12-27,124
2012-12-28,142
2012-12-29,148
2012-12-30,92
2012-12-31,113
2013-01-01,116
2013-01-02,140
2013-01-03,132
2013-01-04,130
2013-01-05,122
2013-01-06,92
2013-01-07,128
2013-01-08,165
2013-01-09,179
2013-01-10,220
2013-01-11,219
2013-01-12,140
2013-01-13,89
2013-01-14,162
2013-01-15,155
2013-01-16,154
2013-01-17,143
2013-01-18,167
2013-01-19,110
2013-01-20,81
2013-01-21,84
2013-01-22,127
2013-01-23,150
2013-01-24,131
2013-01-25,160
2013-01-26,134
2013-01-27,97
2013-01-28,193
2013-01-29,162
2013-01-30,161
2013-01-31,153
2013-02-01,183
2013-02-02,134
2013-02-03,103
2013-02-04,157
2013-02-05,151
2013-02-06,191
2013-02-07,155
2013-02-08,185
2013-02-09,123
2013-02-10,106
2013-02-11,150
2013-02-12,160
2013-02-13,134
2013-02-14,154
2013-02-15,173
2013-02-16,137
2013-02-17,90
2013-02-18,144
2013-02-19,155
2013-02-20,144
2013-02-21,137
2013-02-22,140
2013-02-23,115
2013-02-24,80
2013-02-25,92
2013-02-26,111
2013-02-27,139
2013-02-28,148
2013-03-01,120
2013-03-02,126
2013-03-03,112
2013-03-04,149
2013-03-05,148
2013-03-06,124
2013-03-07,140
2013-03-08,148
2013-03-09,168
2013-03-10,99
2013-03-11,145
2013-03-12,115
2013-03-13,89
2013-03-14,123
2013-03-15,158
2013-03-16,133
2013-03-17,106
2013-03-18,134
2013-03-19,109
2013-03-20,132
2013-03-21,175
2013-03-22,156
2013-03-23,120
2013-03-24,105
2013-03-25,136
2013-03-26,137
2013-03-27,111
2013-03-28,158
2013-03-29,150
2013-03-30,128
2013-03-31,91
2013-04-01,108
2013-04-02,149
2013-04-03,136
2013-04-04,112
2013-04-05,157
2013-04-06,146
2013-04-07,137
2013-04-08,149
2013-04-09,166
2013-04-10,145
2013-04-11,148
2013-04-12,209
2013-04-13,151
2013-04-14,182
2013-04-15,159
2013-04-16,160
2013-04-17,179
2013-04-18,177
2013-04-19,187
2013-04-20,142
2013-04-21,139
2013-04-22,125
2013-04-23,147
2013-04-24,154
2013-04-25,198
2013-04-26,151
2013-04-27,132
2013-04-28,107
2013-04-29,139
2013-04-30,162
2013-05-01,106
2013-05-02,154
2013-05-03,165
2013-05-04,150
2013-05-05,133
2013-05-06,148
2013-05-07,162
2013-05-08,114
2013-05-09,107
2013-05-10,147
2013-05-11,134
2013-05-12,126
2013-05-13,164
2013-05-14,143
2013-05-15,167
2013-05-16,172
2013-05-17,183
2013-05-18,153
2013-05-19,123
2013-05-20,127
2013-05-21,166
2013-05-22,162
2013-05-23,135
2013-05-24,182
2013-05-25,158
2013-05-26,131
2013-05-27,179
2013-05-28,145
2013-05-29,149
2013-05-30,185
2013-05-31,163
2013-06-01,155
2013-06-02,141
2013-06-03,161
2013-06-04,203
2013-06-05,180
2013-06-06,209
2013-06-07,246
2013-06-08,197
2013-06-09,155
2013-06-10,163
2013-06-11,179
2013-06-12,173
2013-06-13,181
2013-06-14,226
2013-06-15,196
2013-06-16,177
2013-06-17,194
2013-06-18,195
2013-06-19,177
2013-06-20,183
2013-06-21,216
2013-06-22,178
2013-06-23,136
2013-06-24,165
2013-06-25,207
2013-06-26,184
2013-06-27,190
2013-06-28,203
2013-06-29,187
2013-06-30,160
2013-07-01,171
2013-07-02,198
2013-07-03,176
2013-07-04,176
2013-07-05,219
2013-07-06,194
2013-07-07,171
2013-07-08,184
2013-07-09,208
2013-07-10,202
2013-07-11,206
2013-07-12,258
2013-07-13,194
2013-07-14,148
2013-07-15,189
2013-07-16,198
2013-07-17,181
2013-07-18,174
2013-07-19,212
2013-07-20,189
2013-07-21,166
2013-07-22,158
2013-07-23,169
2013-07-24,186
2013-07-25,186
2013-07-26,189
2013-07-27,155
2013-07-28,139
2013-07-29,156
2013-07-30,123
2013-07-31,162
2013-08-01,201
2013-08-02,182
2013-08-03,148
2013-08-04,142
2013-08-05,141
2013-08-06,147
2013-08-07,139
2013-08-08,160
2013-08-09,144
2013-08-10,156
2013-08-11,117
2013-08-12,117
2013-08-13,137
2013-08-14,159
2013-08-15,114
2013-08-16,132
2013-08-17,141
2013-08-18,129
2013-08-19,120
2013-08-20,153
2013-08-21,160
2013-08-22,161
2013-08-23,161
2013-08-24,123
2013-08-25,127
2013-08-26,135
2013-08-27,155
2013-08-28,125
2013-08-29,134
2013-08-30,154
2013-08-31,152
2013-09-01,155
2013-09-02,197
2013-09-03,224
2013-09-04,225
2013-09-05,217
2013-09-06,200
2013-09-07,185
2013-09-08,127
2013-09-09,207
2013-09-10,199
2013-09-11,160
2013-09-12,145
2013-09-13,213
2013-09-14,201
2013-09-15,152
2013-09-16,164
2013-09-17,170
2013-09-18,191
2013-09-19,164
2013-09-20,215
2013-09-21,162
2013-09-22,166
2013-09-23,188
2013-09-24,247
2013-09-25,180
2013-09-26,196
2013-09-27,218
2013-09-28,181
2013-09-29,169
2013-09-30,189
2013-10-01,187
2013-10-02,175
2013-10-03,191
2013-10-04,222
2013-10-05,165
2013-10-06,142
2013-10-07,197
2013-10-08,171
2013-10-09,189
2013-10-10,185
2013-10-11,212
2013-10-12,158
2013-10-13,124
2013-10-14,158
2013-10-15,203
2013-10-16,226
2013-10-17,190
2013-10-18,211
2013-10-19,154
2013-10-20,175
2013-10-21,164
2013-10-22,145
2013-10-23,174
2013-10-24,175
2013-10-25,190
2013-10-26,179
2013-10-27,122
2013-10-28,157
2013-10-29,176
2013-10-30,170
2013-10-31,219
2013-11-01,125
2013-11-02,144
2013-11-03,121
2013-11-04,180
2013-11-05,192
2013-11-06,209
2013-11-07,195
2013-11-08,223
2013-11-09,187
2013-11-10,127
2013-11-11,119
2013-11-12,233
2013-11-13,208
2013-11-14,194
2013-11-15,180
2013-11-16,119
2013-11-17,108
2013-11-18,157
2013-11-19,195
2013-11-20,198
2013-11-21,206
2013-11-22,202
2013-11-23,139
2013-11-24,109
2013-11-25,156
2013-11-26,163
2013-11-27,172
2013-11-28,193
2013-11-29,201
2013-11-30,158
2013-12-01,126
2013-12-02,165
2013-12-03,190
2013-12-04,187
2013-12-05,211
2013-12-06,204
2013-12-07,160
2013-12-08,113
2013-12-09,218
2013-12-10,223
2013-12-11,198
2013-12-12,209
2013-12-13,219
2013-12-14,181
2013-12-15,114
2013-12-16,220
2013-12-17,159
2013-12-18,172
2013-12-19,210
2013-12-20,243
2013-12-21,148
2013-12-22,131
2013-12-23,150
2013-12-24,124
2013-12-25,71
2013-12-26,108
2013-12-27,133
2013-12-28,114
2013-12-29,104
2013-12-30,117
2013-12-31,111
2014-01-01,106
2014-01-02,126
2014-01-03,123
2014-01-04,90
2014-01-05,79
2014-01-06,143
2014-01-07,175
2014-01-08,155
2014-01-09,175
2014-01-10,193
2014-01-11,151
2014-01-12,112
2014-01-13,173
2014-01-14,199
2014-01-15,186
2014-01-16,211
2014-01-17,246
2014-01-18,150
2014-01-19,96
2014-01-20,143
2014-01-21,154
2014-01-22,180
2014-01-23,161
2014-01-24,192
2014-01-25,171
2014-01-26,108
2014-01-27,148
2014-01-28,168
2014-01-29,141
2014-01-30,157
2014-01-31,171
2014-02-01,135
2014-02-02,132
2014-02-03,146
2014-02-04,167
2014-02-05,154
2014-02-06,175
2014-02-07,184
2014-02-08,141
2014-02-09,125
2014-02-10,144
2014-02-11,179
2014-02-12,199
2014-02-13,147
2014-02-14,182
2014-02-15,142
2014-02-16,128
2014-02-17,140
2014-02-18,124
2014-02-19,141
2014-02-20,172
2014-02-21,169
2014-02-22,136
2014-02-23,128
2014-02-24,132
2014-02-25,115
2014-02-26,153
2014-02-27,163
2014-02-28,171
2014-03-01,134
2014-03-02,123
2014-03-03,146
2014-03-04,127
2014-03-05,158
2014-03-06,175
2014-03-07,172
2014-03-08,179
2014-03-09,164
2014-03-10,155
2014-03-11,165
2014-03-12,152
2014-03-13,167
2014-03-14,205
2014-03-15,139
2014-03-16,161
2014-03-17,140
2014-03-18,143
2014-03-19,153
2014-03-20,169
2014-03-21,164
2014-03-22,131
2014-03-23,136
2014-03-24,137
2014-03-25,187
2014-03-26,142
2014-03-27,134
2014-03-28,232
2014-03-29,135
2014-03-30,115
2014-03-31,133
2014-04-01,183
2014-04-02,148
2014-04-03,158
2014-04-04,193
2014-04-05,173
2014-04-06,140
2014-04-07,159
2014-04-08,161
2014-04-09,254
2014-04-10,188
2014-04-11,210
2014-04-12,167
2014-04-13,123
2014-04-14,179
2014-04-15,202
2014-04-16,206
2014-04-17,182
2014-04-18,172
2014-04-19,171
2014-04-20,107
2014-04-21,86
2014-04-22,158
2014-04-23,142
2014-04-24,149
2014-04-25,187
2014-04-26,164
2014-04-27,142
2014-04-28,135
2014-04-29,152
2014-04-30,176
2014-05-01,101
2014-05-02,134
2014-05-03,153
2014-05-04,134
2014-05-05,192
2014-05-06,149
2014-05-07,159
2014-05-08,140
2014-05-09,180
2014-05-10,144
2014-05-11,114
2014-05-12,146
2014-05-13,170
2014-05-14,184
2014-05-15,200
2014-05-16,265
2014-05-17,194
2014-05-18,156
2014-05-19,175
2014-05-20,172
2014-05-21,177
2014-05-22,188
2014-05-23,212
2014-05-24,167
2014-05-25,137
2014-05-26,152
2014-05-27,159
2014-05-28,204
2014-05-29,120
2014-05-30,167
2014-05-31,168
2014-06-01,134
2014-06-02,162
2014-06-03,156
2014-06-04,189
2014-06-05,177
2014-06-06,234
2014-06-07,183
2014-06-08,169
2014-06-09,125
2014-06-10,207
2014-06-11,225
2014-06-12,229
2014-06-13,214
2014-06-14,169
2014-06-15,157
2014-06-16,193
2014-06-17,199
2014-06-18,184
2014-06-19,197
2014-06-20,237
2014-06-21,195
2014-06-22,178
2014-06-23,175
2014-06-24,204
2014-06-25,189
2014-06-26,193
2014-06-27,201
2014-06-28,172
2014-06-29,140
2014-06-30,163
2014-07-01,179
2014-07-02,172
2014-07-03,222
2014-07-04,195
2014-07-05,158
2014-07-06,158
2014-07-07,151
2014-07-08,159
2014-07-09,146
2014-07-10,160
2014-07-11,150
2014-07-12,137
2014-07-13,117
2014-07-14,102
2014-07-15,192
2014-07-16,194
2014-07-17,160
2014-07-18,187
2014-07-19,162
2014-07-20,124
2014-07-21,151
2014-07-22,157
2014-07-23,139
2014-07-24,161
2014-07-25,179
2014-07-26,153
2014-07-27,132
2014-07-28,141
2014-07-29,126
2014-07-30,149
2014-07-31,170
2014-08-01,178
2014-08-02,142
2014-08-03,133
2014-08-04,105
2014-08-05,144
2014-08-06,158
2014-08-07,149
2014-08-08,146
2014-08-09,126
2014-08-10,136
2014-08-11,116
2014-08-12,129
2014-08-13,115
2014-08-14,137
2014-08-15,106
2014-08-16,114
2014-08-17,106
2014-08-18,119
2014-08-19,115
2014-08-20,119
2014-08-21,129
2014-08-22,144
2014-08-23,168
2014-08-24,123
2014-08-25,150
2014-08-26,148
2014-08-27,153
2014-08-28,151
2014-08-29,159
2014-08-30,157
2014-08-31,141
2014-09-01,165
2014-09-02,149
2014-09-03,156
2014-09-04,188
2014-09-05,186
2014-09-06,186
2014-09-07,161
2014-09-08,161
2014-09-09,191
2014-09-10,177
2014-09-11,202
2014-09-12,258
2014-09-13,182
2014-09-14,144
2014-09-15,153
2014-09-16,197
2014-09-17,196
2014-09-18,198
2014-09-19,197
2014-09-20,166
2014-09-21,162
2014-09-22,157
2014-09-23,185
2014-09-24,187
2014-09-25,196
2014-09-26,224
2014-09-27,212
2014-09-28,146
2014-09-29,192
2014-09-30,193
2014-10-01,190
2014-10-02,210
2014-10-03,242
2014-10-04,166
2014-10-05,124
2014-10-06,202
2014-10-07,230
2014-10-08,241
2014-10-09,194
2014-10-10,195
2014-10-11,193
2014-10-12,151
2014-10-13,190
2014-10-14,202
2014-10-15,173
2014-10-16,192
2014-10-17,220
2014-10-18,207
2014-10-19,189
2014-10-20,149
2014-10-21,148
2014-10-22,157
2014-10-23,180
2014-10-24,173
2014-10-25,134
2014-10-26,167
2014-10-27,161
2014-10-28,175
2014-10-29,166
2014-10-30,195
2014-10-31,229
2014-11-01,194
2014-11-02,117
2014-11-03,205
2014-11-04,201
2014-11-05,196
2014-11-06,213
2014-11-07,195
2014-11-08,185
2014-11-09,107
2014-11-10,157
2014-11-11,106
2014-11-12,229
2014-11-13,177
2014-11-14,225
2014-11-15,170
2014-11-16,159
2014-11-17,176
2014-11-18,198
2014-11-19,179
2014-11-20,168
2014-11-21,206
2014-11-22,125
2014-11-23,114
2014-11-24,160
2014-11-25,173
2014-11-26,207
2014-11-27,194
2014-11-28,198
2014-11-29,156
2014-11-30,118
2014-12-01,151
2014-12-02,187
2014-12-03,165
2014-12-04,158
2014-12-05,198
2014-12-06,155
2014-12-07,142
2014-12-08,187
2014-12-09,232
2014-12-10,194
2014-12-11,181
2014-12-12,256
2014-12-13,173
2014-12-14,145
2014-12-15,197
2014-12-16,189
2014-12-17,224
2014-12-18,210
2014-12-19,218
2014-12-20,150
2014-12-21,113
2014-12-22,136
2014-12-23,156
2014-12-24,130
2014-12-25,62
2014-12-26,106
2014-12-27,121
2014-12-28,93
2014-12-29,84
2014-12-30,114
2014-12-31,98
2015-01-01,80
2015-01-02,108
2015-01-03,105
2015-01-04,96
2015-01-05,125
2015-01-06,144
2015-01-07,152
2015-01-08,155
2015-01-09,150
2015-01-10,135
2015-01-11,99
2015-01-12,141
2015-01-13,175
2015-01-14,168
2015-01-15,167
2015-01-16,200
2015-01-17,148
2015-01-18,92
2015-01-19,170
2015-01-20,159
2015-01-21,138
2015-01-22,132
2015-01-23,167
2015-01-24,153
2015-01-25,104
2015-01-26,154
2015-01-27,142
2015-01-28,157
2015-01-29,166
2015-01-30,216
2015-01-31,139
2015-02-01,108
2015-02-02,145
2015-02-03,114
2015-02-04,135
2015-02-05,159
2015-02-06,162
2015-02-07,135
2015-02-08,114
2015-02-09,146
2015-02-10,125
2015-02-11,181
2015-02-12,176
2015-02-13,151
2015-02-14,155
2015-02-15,112
2015-02-16,119
2015-02-17,121
2015-02-18,128
2015-02-19,148
2015-02-20,171
2015-02-21,160
2015-02-22,114
2015-02-23,137
2015-02-24,145
2015-02-25,134
2015-02-26,110
2015-02-27,172
2015-02-28,123
2015-03-01,101
2015-03-02,137
2015-03-03,120
2015-03-04,157
2015-03-05,136
2015-03-06,183
2015-03-07,168
2015-03-08,119
2015-03-09,116
2015-03-10,143
2015-03-11,154
2015-03-12,159
2015-03-13,203
2015-03-14,127
2015-03-15,107
2015-03-16,144
2015-03-17,165
2015-03-18,153
2015-03-19,136
2015-03-20,174
2015-03-21,118
2015-03-22,114
2015-03-23,127
2015-03-24,149
2015-03-25,150
2015-03-26,130
2015-03-27,181
2015-03-28,151
2015-03-29,130
2015-03-30,150
2015-03-31,151
2015-04-01,153
2015-04-02,148
2015-04-03,181
2015-04-04,147
2015-04-05,110
2015-04-06,103
2015-04-07,181
2015-04-08,216
2015-04-09,185
2015-04-10,210
2015-04-11,168
2015-04-12,160
2015-04-13,161
2015-04-14,195
2015-04-15,194
2015-04-16,143
2015-04-17,157
2015-04-18,187
2015-04-19,134
2015-04-20,157
2015-04-21,177
2015-04-22,166
2015-04-23,174
2015-04-24,173
2015-04-25,139
2015-04-26,118
2015-04-27,132
2015-04-28,133
2015-04-29,125
2015-04-30,202
2015-05-01,143
2015-05-02,143
2015-05-03,125
2015-05-04,140
2015-05-05,123
2015-05-06,174
2015-05-07,183
2015-05-08,125
2015-05-09,150
2015-05-10,158
2015-05-11,182
2015-05-12,177
2015-05-13,188
2015-05-14,124
2015-05-15,159
2015-05-16,143
2015-05-17,150
2015-05-18,162
2015-05-19,183
2015-05-20,184
2015-05-21,176
2015-05-22,191
2015-05-23,151
2015-05-24,133
2015-05-25,101
2015-05-26,169
2015-05-27,183
2015-05-28,193
2015-05-29,189
2015-05-30,179
2015-05-31,136
2015-06-01,161
2015-06-02,205
2015-06-03,188
2015-06-04,222
2015-06-05,261
2015-06-06,195
2015-06-07,168
2015-06-08,202
2015-06-09,189
2015-06-10,196
2015-06-11,213
2015-06-12,217
2015-06-13,157
2015-06-14,132
2015-06-15,180
2015-06-16,176
2015-06-17,187
2015-06-18,187
2015-06-19,218
2015-06-20,171
2015-06-21,137
2015-06-22,182
2015-06-23,172
2015-06-24,199
2015-06-25,201
2015-06-26,227
2015-06-27,162
2015-06-28,151
2015-06-29,217
2015-06-30,231
2015-07-01,202
2015-07-02,194
2015-07-03,230
2015-07-04,161
2015-07-05,163
2015-07-06,193
2015-07-07,204
2015-07-08,167
2015-07-09,214
2015-07-10,218
2015-07-11,168
2015-07-12,145
2015-07-13,139
2015-07-14,144
2015-07-15,180
2015-07-16,158
2015-07-17,178
2015-07-18,149
2015-07-19,155
2015-07-20,147
2015-07-21,172
2015-07-22,152
2015-07-23,169
2015-07-24,153
2015-07-25,174
2015-07-26,143
2015-07-27,125
2015-07-28,150
2015-07-29,159
2015-07-30,122
2015-07-31,170
2015-08-01,147
2015-08-02,162
2015-08-03,135
2015-08-04,137
2015-08-05,159
2015-08-06,128
2015-08-07,180
2015-08-08,165
2015-08-09,118
2015-08-10,156
2015-08-11,148
2015-08-12,117
2015-08-13,136
2015-08-14,151
2015-08-15,137
2015-08-16,126
2015-08-17,116
2015-08-18,102
2015-08-19,103
2015-08-20,159
2015-08-21,180
2015-08-22,150
2015-08-23,116
2015-08-24,160
2015-08-25,130
2015-08-26,134
2015-08-27,165
2015-08-28,190
2015-08-29,142
2015-08-30,137
2015-08-31,145
2015-09-01,146
2015-09-02,140
2015-09-03,161
2015-09-04,162
2015-09-05,132
2015-09-06,162
2015-09-07,181
2015-09-08,184
2015-09-09,208
2015-09-10,213
2015-09-11,199
2015-09-12,192
2015-09-13,144
2015-09-14,186
2015-09-15,171
2015-09-16,177
2015-09-17,155
2015-09-18,224
2015-09-19,170
2015-09-20,146
2015-09-21,202
2015-09-22,176
2015-09-23,190
2015-09-24,192
2015-09-25,195
2015-09-26,175
2015-09-27,137
2015-09-28,193
2015-09-29,225
2015-09-30,209
2015-10-01,225
2015-10-02,245
2015-10-03,203
2015-10-04,138
2015-10-05,183
2015-10-06,205
2015-10-07,155
2015-10-08,165
2015-10-09,244
2015-10-10,181
2015-10-11,136
2015-10-12,155
2015-10-13,197
2015-10-14,165
2015-10-15,165
2015-10-16,229
2015-10-17,131
2015-10-18,114
2015-10-19,145
2015-10-20,145
2015-10-21,129
2015-10-22,184
2015-10-23,176
2015-10-24,129
2015-10-25,136
2015-10-26,147
2015-10-27,181
2015-10-28,164
2015-10-29,119
2015-10-30,205
2015-10-31,177
2015-11-01,144
2015-11-02,187
2015-11-03,189
2015-11-04,203
2015-11-05,227
2015-11-06,244
2015-11-07,172
2015-11-08,158
2015-11-09,156
2015-11-10,209
2015-11-11,128
2015-11-12,175
2015-11-13,180
2015-11-14,134
2015-11-15,110
2015-11-16,149
2015-11-17,183
2015-11-18,173
2015-11-19,187
2015-11-20,243
2015-11-21,138
2015-11-22,110
2015-11-23,164
2015-11-24,172
2015-11-25,183
2015-11-26,180
2015-11-27,209
2015-11-28,168
2015-11-29,95
2015-11-30,176
2015-12-01,187
2015-12-02,179
2015-12-03,184
2015-12-04,229
2015-12-05,166
2015-12-06,150
2015-12-07,182
2015-12-08,213
2015-12-09,219
2015-12-10,172
2015-12-11,215
2015-12-12,147
2015-12-13,129
2015-12-14,159
2015-12-15,210
2015-12-16,192
2015-12-17,226
2015-12-18,215
2015-12-19,147
2015-12-20,118
2015-12-21,160
2015-12-22,147
2015-12-23,167
2015-12-24,124
2015-12-25,80
2015-12-26,106
2015-12-27,115
2015-12-28,127
2015-12-29,127
2015-12-30,119
2015-12-31,108
2016-01-01,121
2016-01-02,129
2016-01-03,113
2016-01-04,157
2016-01-05,167
2016-01-06,172
2016-01-07,190
2016-01-08,201
2016-01-09,153
2016-01-10,127
2016-01-11,153
2016-01-12,180
2016-01-13,166
2016-01-14,213
2016-01-15,211
2016-01-16,152
2016-01-17,81
2016-01-18,128
2016-01-19,124
2016-01-20,152
2016-01-21,176
2016-01-22,194
2016-01-23,141
2016-01-24,117
2016-01-25,144
2016-01-26,137
2016-01-27,156
2016-01-28,185
2016-01-29,154
2016-01-30,145
2016-01-31,163
2016-02-01,153
2016-02-02,149
2016-02-03,187
2016-02-04,150
2016-02-05,172
2016-02-06,149
2016-02-07,110
2016-02-08,144
2016-02-09,170
2016-02-10,163
2016-02-11,151
2016-02-12,174
2016-02-13,164
2016-02-14,120
2016-02-15,131
2016-02-16,139
2016-02-17,121
2016-02-18,122
2016-02-19,168
2016-02-20,119
2016-02-21,99
2016-02-22,126
2016-02-23,137
2016-02-24,118
2016-02-25,135
2016-02-26,163
2016-02-27,126
2016-02-28,102
2016-02-29,139
2016-03-01,173
2016-03-02,157
2016-03-03,150
2016-03-04,186
2016-03-05,158
2016-03-06,119
2016-03-07,144
2016-03-08,172
2016-03-09,146
2016-03-10,129
2016-03-11,187
2016-03-12,159
2016-03-13,119
2016-03-14,138
2016-03-15,157
2016-03-16,153
2016-03-17,165
2016-03-18,178
2016-03-19,137
2016-03-20,110
2016-03-21,104
2016-03-22,146
2016-03-23,144
2016-03-24,144
2016-03-25,174
2016-03-26,137
2016-03-27,133
2016-03-28,73
2016-03-29,160
2016-03-30,182
2016-03-31,165
2016-04-01,176
2016-04-02,114
2016-04-03,129
2016-04-04,144
2016-04-05,130
2016-04-06,179
2016-04-07,157
2016-04-08,181
2016-04-09,141
2016-04-10,135
2016-04-11,154
2016-04-12,141
2016-04-13,164
2016-04-14,175
2016-04-15,166
2016-04-16,137
2016-04-17,117
2016-04-18,166
2016-04-19,165
2016-04-20,149
2016-04-21,141
2016-04-22,144
2016-04-23,113
2016-04-24,110
2016-04-25,126
2016-04-26,135
2016-04-27,154
2016-04-28,178
2016-04-29,173
2016-04-30,136
2016-05-01,123
2016-05-02,137
2016-05-03,181
2016-05-04,234
2016-05-05,158
2016-05-06,180
2016-05-07,152
2016-05-08,148
2016-05-09,140
2016-05-10,181
2016-05-11,177
2016-05-12,164
2016-05-13,169
2016-05-14,160
2016-05-15,149
2016-05-16,123
2016-05-17,183
2016-05-18,156
2016-05-19,173
2016-05-20,178
2016-05-21,187
2016-05-22,141
2016-05-23,187
2016-05-24,163
2016-05-25,165
2016-05-26,183
2016-05-27,182
2016-05-28,181
2016-05-29,115
2016-05-30,170
2016-05-31,199
2016-06-01,176
2016-06-02,144
2016-06-03,173
2016-06-04,160
2016-06-05,135
2016-06-06,194
2016-06-07,191
2016-06-08,190
2016-06-09,218
2016-06-10,244
2016-06-11,168
2016-06-12,168
2016-06-13,154
2016-06-14,166
2016-06-15,175
2016-06-16,166
2016-06-17,183
2016-06-18,164
2016-06-19,147
2016-06-20,169
2016-06-21,167
2016-06-22,199
2016-06-23,221
2016-06-24,222
2016-06-25,160
2016-06-26,171
2016-06-27,152
2016-06-28,191
2016-06-29,191
2016-06-30,169
2016-07-01,197
2016-07-02,163
2016-07-03,145
2016-07-04,165
2016-07-05,189
2016-07-06,218
2016-07-07,209
2016-07-08,223
2016-07-09,200
2016-07-10,181
2016-07-11,181
2016-07-12,197
2016-07-13,192
2016-07-14,111
2016-07-15,147
2016-07-16,147
2016-07-17,133
2016-07-18,170
2016-07-19,157
2016-07-20,162
2016-07-21,156
2016-07-22,179
2016-07-23,159
2016-07-24,138
2016-07-25,158
2016-07-26,176
2016-07-27,157
2016-07-28,165
2016-07-29,167
2016-07-30,161
2016-07-31,149
2016-08-01,132
2016-08-02,164
2016-08-03,147
2016-08-04,151
2016-08-05,157
2016-08-06,148
2016-08-07,127
2016-08-08,139
2016-08-09,115
2016-08-10,115
2016-08-11,108
2016-08-12,143
2016-08-13,141
2016-08-14,121
2016-08-15,104
2016-08-16,130
2016-08-17,116
2016-08-18,133
2016-08-19,120
2016-08-20,144
2016-08-21,116
2016-08-22,172
2016-08-23,160
2016-08-24,140
2016-08-25,177
2016-08-26,161
2016-08-27,131
2016-08-28,132
2016-08-29,129
2016-08-30,176
2016-08-31,162
2016-09-01,176
2016-09-02,195
2016-09-03,157
2016-09-04,148
2016-09-05,217
2016-09-06,176
2016-09-07,209
2016-09-08,189
2016-09-09,227
2016-09-10,175
2016-09-11,151
2016-09-12,189
2016-09-13,176
2016-09-14,175
2016-09-15,179
2016-09-16,199
2016-09-17,139
2016-09-18,123
2016-09-19,159
2016-09-20,143
2016-09-21,200
2016-09-22,185
2016-09-23,204
2016-09-24,193
2016-09-25,159
2016-09-26,144
2016-09-27,189
2016-09-28,201
2016-09-29,207
2016-09-30,224
2016-10-01,171
2016-10-02,133
2016-10-03,213
2016-10-04,222
2016-10-05,194
2016-10-06,268
2016-10-07,200
2016-10-08,165
2016-10-09,146
2016-10-10,193
2016-10-11,194
2016-10-12,193
2016-10-13,196
2016-10-14,223
2016-10-15,182
2016-10-16,146
2016-10-17,183
2016-10-18,195
2016-10-19,180
2016-10-20,187
2016-10-21,167
2016-10-22,176
2016-10-23,135
2016-10-24,163
2016-10-25,159
2016-10-26,136
2016-10-27,190
2016-10-28,199
2016-10-29,171
2016-10-30,150
2016-10-31,166
2016-11-01,114
2016-11-02,152
2016-11-03,184
2016-11-04,222
2016-11-05,168
2016-11-06,136
2016-11-07,173
2016-11-08,191
2016-11-09,191
2016-11-10,230
2016-11-11,147
2016-11-12,176
2016-11-13,149
2016-11-14,165
2016-11-15,179
2016-11-16,180
2016-11-17,217
2016-11-18,224
2016-11-19,180
2016-11-20,137
2016-11-21,195
2016-11-22,163
2016-11-23,207
2016-11-24,161
2016-11-25,205
2016-11-26,154
2016-11-27,133
2016-11-28,195
2016-11-29,196
2016-11-30,232
2016-12-01,200
2016-12-02,222
2016-12-03,182
2016-12-04,124
2016-12-05,182
2016-12-06,209
2016-12-07,217
2016-12-08,192
2016-12-09,226
2016-12-10,193
2016-12-11,137
2016-12-12,211
2016-12-13,212
2016-12-14,199
2016-12-15,209
2016-12-16,222
2016-12-17,161
2016-12-18,127
2016-12-19,129
2016-12-20,120
2016-12-21,146
2016-12-22,196
2016-12-23,159
2016-12-24,131
2016-12-25,82
2016-12-26,112
2016-12-27,144
2016-12-28,139
2016-12-29,110
2016-12-30,125
2016-12-31,92
2017-01-01,111
2017-01-02,121
2017-01-03,159
2017-01-04,169
2017-01-05,168
2017-01-06,166
2017-01-07,134
2017-01-08,106
2017-01-09,157
2017-01-10,158
2017-01-11,162
2017-01-12,187
2017-01-13,184
2017-01-14,153
2017-01-15,100
2017-01-16,164
2017-01-17,140
2017-01-18,146
2017-01-19,140
2017-01-20,169
2017-01-21,147
2017-01-22,114
2017-01-23,153
2017-01-24,150
2017-01-25,135
2017-01-26,170
2017-01-27,170
2017-01-28,150
2017-01-29,112
2017-01-30,152
2017-01-31,142
2017-02-01,165
2017-02-02,167
2017-02-03,190
2017-02-04,159
2017-02-05,105
2017-02-06,142
2017-02-07,167
2017-02-08,137
2017-02-09,147
2017-02-10,174
2017-02-11,106
2017-02-12,127
2017-02-13,121
2017-02-14,144
2017-02-15,154
2017-02-16,166
2017-02-17,181
2017-02-18,166
2017-02-19,119
2017-02-20,96
2017-02-21,153
2017-02-22,124
2017-02-23,150
2017-02-24,171
2017-02-25,137
2017-02-26,116
2017-02-27,137
2017-02-28,167
2017-03-01,157
2017-03-02,191
2017-03-03,186
2017-03-04,133
2017-03-05,107
2017-03-06,143
2017-03-07,120
2017-03-08,148
2017-03-09,136
2017-03-10,215
2017-03-11,191
2017-03-12,135
2017-03-13,155
2017-03-14,181
2017-03-15,165
2017-03-16,220
2017-03-17,176
2017-03-18,143
2017-03-19,130
2017-03-20,131
2017-03-21,167
2017-03-22,148
2017-03-23,156
2017-03-24,158
2017-03-25,178
2017-03-26,148
2017-03-27,194
2017-03-28,205
2017-03-29,181
2017-03-30,215
2017-03-31,187
2017-04-01,140
2017-04-02,132
2017-04-03,157
2017-04-04,151
2017-04-05,191
2017-04-06,196
2017-04-07,262
2017-04-08,203
2017-04-09,205
2017-04-10,168
2017-04-11,181
2017-04-12,185
2017-04-13,175
2017-04-14,196
2017-04-15,136
2017-04-16,143
2017-04-17,120
2017-04-18,154
2017-04-19,163
2017-04-20,165
2017-04-21,207
2017-04-22,171
2017-04-23,151
2017-04-24,186
2017-04-25,155
2017-04-26,159
2017-04-27,162
2017-04-28,173
2017-04-29,183
2017-04-30,142
2017-05-01,101
2017-05-02,174
2017-05-03,168
2017-05-04,152
2017-05-05,179
2017-05-06,151
2017-05-07,147
2017-05-08,118
2017-05-09,202
2017-05-10,176
2017-05-11,147
2017-05-12,163
2017-05-13,164
2017-05-14,143
2017-05-15,168
2017-05-16,207
2017-05-17,223
2017-05-18,166
2017-05-19,193
2017-05-20,173
2017-05-21,183
2017-05-22,162
2017-05-23,186
2017-05-24,196
2017-05-25,159
2017-05-26,206
2017-05-27,168
2017-05-28,177
2017-05-29,179
2017-05-30,154
2017-05-31,181
2017-06-01,194
2017-06-02,245
2017-06-03,163
2017-06-04,150
2017-06-05,116
2017-06-06,194
2017-06-07,203
2017-06-08,210
2017-06-09,219
2017-06-10,208
2017-06-11,174
2017-06-12,223
2017-06-13,213
2017-06-14,216
2017-06-15,185
2017-06-16,236
2017-06-17,205
2017-06-18,188
2017-06-19,204
2017-06-20,211
2017-06-21,204
2017-06-22,199
2017-06-23,237
2017-06-24,200
2017-06-25,198
2017-06-26,195
2017-06-27,184
2017-06-28,188
2017-06-29,190
2017-06-30,183
2017-07-01,177
2017-07-02,167
2017-07-03,199
2017-07-04,208
2017-07-05,236
2017-07-06,208
2017-07-07,213
2017-07-08,181
2017-07-09,198
2017-07-10,170
2017-07-11,164
2017-07-12,164
2017-07-13,191
2017-07-14,138
2017-07-15,176
2017-07-16,168
2017-07-17,199
2017-07-18,171
2017-07-19,154
2017-07-20,180
2017-07-21,181
2017-07-22,149
2017-07-23,126
2017-07-24,159
2017-07-25,132
2017-07-26,149
2017-07-27,158
2017-07-28,171
2017-07-29,164
2017-07-30,143
2017-07-31,139
2017-08-01,137
2017-08-02,158
2017-08-03,159
2017-08-04,161
2017-08-05,161
2017-08-06,156
2017-08-07,159
2017-08-08,156
2017-08-09,150
2017-08-10,150
2017-08-11,115
2017-08-12,147
2017-08-13,127
2017-08-14,153
2017-08-15,105
2017-08-16,124
2017-08-17,133
2017-08-18,152
2017-08-19,126
2017-08-20,120
2017-08-21,131
2017-08-22,168
2017-08-23,125
2017-08-24,146
2017-08-25,158
2017-08-26,144
2017-08-27,120
2017-08-28,134
2017-08-29,165
2017-08-30,143
2017-08-31,170
2017-09-01,176
2017-09-02,146
2017-09-03,133
2017-09-04,146
2017-09-05,159
2017-09-06,143
2017-09-07,171
2017-09-08,191
2017-09-09,167
2017-09-10,124
2017-09-11,152
2017-09-12,159
2017-09-13,185
2017-09-14,182
2017-09-15,208
2017-09-16,181
2017-09-17,145
2017-09-18,190
2017-09-19,170
2017-09-20,190
2017-09-21,202
2017-09-22,209
2017-09-23,214
2017-09-24,155
2017-09-25,156
2017-09-26,193
2017-09-27,196
2017-09-28,180
2017-09-29,244
2017-09-30,185
2017-10-01,131
2017-10-02,169
2017-10-03,208
2017-10-04,194
2017-10-05,192
2017-10-06,202
2017-10-07,188
2017-10-08,144
2017-10-09,155
2017-10-10,190
2017-10-11,166
2017-10-12,171
2017-10-13,261
2017-10-14,200
2017-10-15,183
2017-10-16,169
2017-10-17,208
2017-10-18,192
2017-10-19,181
2017-10-20,235
2017-10-21,156
2017-10-22,138
2017-10-23,166
2017-10-24,169
2017-10-25,172
2017-10-26,179
2017-10-27,208
2017-10-28,164
2017-10-29,113
2017-10-30,160
2017-10-31,160
2017-11-01,131
2017-11-02,149
2017-11-03,142
2017-11-04,151
2017-11-05,146
2017-11-06,177
2017-11-07,183
2017-11-08,170
2017-11-09,174
2017-11-10,207
2017-11-11,180
2017-11-12,165
2017-11-13,157
2017-11-14,188
2017-11-15,177
2017-11-16,184
2017-11-17,214
2017-11-18,159
2017-11-19,140
2017-11-20,158
2017-11-21,175
2017-11-22,201
2017-11-23,168
2017-11-24,202
2017-11-25,187
2017-11-26,126
2017-11-27,207
2017-11-28,204
2017-11-29,179
2017-11-30,182
2017-12-01,195
2017-12-02,157
2017-12-03,123
2017-12-04,170
2017-12-05,175
2017-12-06,163
2017-12-07,189
2017-12-08,221
2017-12-09,166
2017-12-10,120
2017-12-11,201
2017-12-12,211
2017-12-13,179
2017-12-14,174
2017-12-15,207
2017-12-16,146
2017-12-17,144
2017-12-18,202
2017-12-19,182
2017-12-20,154
2017-12-21,202
2017-12-22,205
2017-12-23,125
2017-12-24,103
2017-12-25,87
2017-12-26,117
2017-12-27,118
2017-12-28,123
2017-12-29,106
2017-12-30,118
2017-12-31,83
2018-01-01,108
2018-01-02,110
2018-01-03,106
2018-01-04,116
2018-01-05,150
2018-01-06,100
2018-01-07,94
2018-01-08,138
2018-01-09,155
2018-01-10,165
2018-01-11,176
2018-01-12,173
2018-01-13,132
2018-01-14,110
2018-01-15,122
2018-01-16,166
2018-01-17,150
2018-01-18,169
2018-01-19,195
2018-01-20,144
2018-01-21,105
2018-01-22,154
2018-01-23,135
2018-01-24,167
2018-01-25,166
2018-01-26,188
2018-01-27,128
2018-01-28,119
2018-01-29,136
2018-01-30,143
2018-01-31,130
2018-02-01,180
2018-02-02,167
2018-02-03,135
2018-02-04,109
2018-02-05,123
2018-02-06,119
2018-02-07,90
2018-02-08,106
2018-02-09,98
2018-02-10,122
2018-02-11,99
2018-02-12,152
2018-02-13,153
2018-02-14,117
2018-02-15,132
2018-02-16,179
2018-02-17,137
2018-02-18,109
2018-02-19,123
2018-02-20,113
2018-02-21,122
2018-02-22,124
2018-02-23,156
2018-02-24,97
2018-02-25,107
2018-02-26,86
2018-02-27,108
2018-02-28,95
2018-03-01,104
2018-03-02,147
2018-03-03,119
2018-03-04,119
2018-03-05,123
2018-03-06,135
2018-03-07,126
2018-03-08,146
2018-03-09,150
2018-03-10,131
2018-03-11,97
2018-03-12,151
2018-03-13,137
2018-03-14,150
2018-03-15,165
2018-03-16,170
2018-03-17,132
2018-03-18,106
2018-03-19,117
2018-03-20,107
2018-03-21,131
2018-03-22,123
2018-03-23,160
2018-03-24,145
2018-03-25,119
2018-03-26,114
2018-03-27,125
2018-03-28,156
2018-03-29,147
2018-03-30,163
2018-03-31,137
2018-04-01,112
2018-04-02,87
2018-04-03,162
2018-04-04,123
2018-04-05,141
2018-04-06,263
2018-04-07,165
2018-04-08,127
2018-04-09,136
2018-04-10,140
2018-04-11,164
2018-04-12,188
2018-04-13,187
2018-04-14,154
2018-04-15,132
2018-04-16,148
2018-04-17,175
2018-04-18,197
2018-04-19,202
2018-04-20,211
2018-04-21,203
2018-04-22,168
2018-04-23,134
2018-04-24,187
2018-04-25,166
2018-04-26,164
2018-04-27,184
2018-04-28,149
2018-04-29,122
2018-04-30,142
2018-05-01,116
2018-05-02,150
2018-05-03,142
2018-05-04,194
2018-05-05,216
2018-05-06,164
2018-05-07,171
2018-05-08,119
2018-05-09,171
2018-05-10,111
2018-05-11,168
2018-05-12,135
2018-05-13,101
2018-05-14,167
2018-05-15,172
2018-05-16,149
2018-05-17,164
2018-05-18,245
2018-05-19,158
2018-05-20,157
2018-05-21,117
2018-05-22,194
2018-05-23,159
2018-05-24,177
2018-05-25,238
2018-05-26,172
2018-05-27,138
2018-05-28,159
2018-05-29,180
2018-05-30,172
2018-05-31,179
2018-06-01,174
2018-06-02,175
2018-06-03,143
2018-06-04,157
2018-06-05,182
2018-06-06,183
2018-06-07,158
2018-06-08,217
2018-06-09,167
2018-06-10,150
2018-06-11,128
2018-06-12,168
2018-06-13,163
2018-06-14,182
2018-06-15,211
2018-06-16,192
2018-06-17,153
2018-06-18,174
2018-06-19,186
2018-06-20,194
2018-06-21,215
2018-06-22,248
2018-06-23,205
2018-06-24,172
2018-06-25,201
2018-06-26,224
2018-06-27,236
2018-06-28,204
2018-06-29,223
2018-06-30,194
2018-07-01,166
2018-07-02,182
2018-07-03,171
2018-07-04,210
2018-07-05,181
2018-07-06,200
2018-07-07,191
2018-07-08,165
2018-07-09,188
2018-07-10,218
2018-07-11,191
2018-07-12,195
2018-07-13,196
2018-07-14,163
2018-07-15,184
2018-07-16,158
2018-07-17,140
2018-07-18,155
2018-07-19,161
2018-07-20,181
2018-07-21,148
2018-07-22,137
2018-07-23,141
2018-07-24,154
2018-07-25,153
2018-07-26,179
2018-07-27,178
2018-07-28,137
2018-07-29,132
2018-07-30,125
2018-07-31,161
2018-08-01,159
2018-08-02,174
2018-08-03,178
2018-08-04,164
2018-08-05,126
2018-08-06,135
2018-08-07,143
2018-08-08,136
2018-08-09,108
2018-08-10,154
2018-08-11,141
2018-08-12,137
2018-08-13,121
2018-08-14,149
2018-08-15,122
2018-08-16,142
2018-08-17,124
2018-08-18,141
2018-08-19,132
2018-08-20,140
2018-08-21,136
2018-08-22,111
2018-08-23,133
2018-08-24,148
2018-08-25,139
2018-08-26,134
2018-08-27,134
2018-08-28,146
2018-08-29,124
2018-08-30,132
2018-08-31,173
2018-09-01,169
2018-09-02,164
2018-09-03,146
2018-09-04,180
2018-09-05,163
2018-09-06,184
2018-09-07,212
2018-09-08,177
2018-09-09,138
2018-09-10,158
2018-09-11,234
2018-09-12,192
2018-09-13,177
2018-09-14,214
2018-09-15,197
2018-09-16,148
2018-09-17,184
2018-09-18,188
2018-09-19,178
2018-09-20,210
2018-09-21,240
2018-09-22,171
2018-09-23,154
2018-09-24,184
2018-09-25,221
2018-09-26,186
2018-09-27,208
2018-09-28,219
2018-09-29,179
2018-09-30,157
2018-10-01,192
2018-10-02,163
2018-10-03,200
2018-10-04,213
2018-10-05,265
2018-10-06,193
2018-10-07,153
2018-10-08,146
2018-10-09,192
2018-10-10,206
2018-10-11,251
2018-10-12,235
2018-10-13,197
2018-10-14,115
2018-10-15,177
2018-10-16,201
2018-10-17,196
2018-10-18,182
2018-10-19,224
2018-10-20,173
2018-10-21,158
2018-10-22,165
2018-10-23,190
2018-10-24,140
2018-10-25,173
2018-10-26,188
2018-10-27,172
2018-10-28,129
2018-10-29,151
2018-10-30,182
2018-10-31,176
2018-11-01,139
2018-11-02,158
2018-11-03,145
2018-11-04,116
2018-11-05,143
2018-11-06,197
2018-11-07,180
2018-11-08,173
2018-11-09,182
2018-11-10,176
2018-11-11,136
2018-11-12,172
2018-11-13,178
2018-11-14,159
2018-11-15,168
2018-11-16,206
2018-11-17,175
2018-11-18,126
2018-11-19,169
2018-11-20,172
2018-11-21,146
2018-11-22,147
2018-11-23,202
2018-11-24,137
2018-11-25,147
2018-11-26,130
2018-11-27,145
2018-11-28,170
2018-11-29,156
2018-11-30,233
2018-12-01,178
2018-12-02,138
2018-12-03,181
2018-12-04,175
2018-12-05,163
2018-12-06,163
2018-12-07,172
2018-12-08,147
2018-12-09,126
2018-12-10,162
2018-12-11,179
2018-12-12,173
2018-12-13,188
2018-12-14,194
2018-12-15,142
2018-12-16,138
2018-12-17,178
2018-12-18,179
2018-12-19,163
2018-12-20,183
2018-12-21,258
2018-12-22,160
2018-12-23,114
2018-12-24,114
2018-12-25,73
2018-12-26,111
2018-12-27,110
2018-12-28,115
2018-12-29,108
2018-12-30,87
2018-12-31,94
2019-01-01,105
2019-01-02,107
2019-01-03,109
2019-01-04,133
2019-01-05,103
2019-01-06,83
2019-01-07,136
2019-01-08,152
2019-01-09,154
2019-01-10,142
2019-01-11,188
2019-01-12,126
2019-01-13,121
2019-01-14,142
2019-01-15,161
2019-01-16,154
2019-01-17,168
2019-01-18,220
2019-01-19,138
2019-01-20,90
2019-01-21,157
2019-01-22,129
2019-01-23,111
2019-01-24,146
2019-01-25,146
2019-01-26,142
2019-01-27,102
2019-01-28,127
2019-01-29,143
2019-01-30,140
2019-01-31,150
2019-02-01,189
2019-02-02,126
2019-02-03,96
2019-02-04,146
2019-02-05,140
2019-02-06,141
2019-02-07,180
2019-02-08,192
2019-02-09,131
2019-02-10,122
2019-02-11,126
2019-02-12,155
2019-02-13,159
2019-02-14,171
2019-02-15,219
2019-02-16,190
2019-02-17,146
2019-02-18,138
2019-02-19,138
2019-02-20,136
2019-02-21,154
2019-02-22,183
2019-02-23,154
2019-02-24,123
2019-02-25,171
2019-02-26,164
2019-02-27,150
2019-02-28,146
2019-03-01,143
2019-03-02,118
2019-03-03,121
2019-03-04,111
2019-03-05,144
2019-03-06,136
2019-03-07,150
2019-03-08,167
2019-03-09,132
2019-03-10,124
2019-03-11,132
2019-03-12,141
2019-03-13,139
2019-03-14,153
2019-03-15,166
2019-03-16,154
2019-03-17,112
2019-03-18,151
2019-03-19,151
2019-03-20,145
2019-03-21,182
2019-03-22,211
2019-03-23,175
2019-03-24,126
2019-03-25,149
2019-03-26,175
2019-03-27,186
2019-03-28,160
2019-03-29,202
2019-03-30,175
2019-03-31,186
2019-04-01,141
2019-04-02,157
2019-04-03,139
2019-04-04,192
2019-04-05,187
2019-04-06,162
2019-04-07,116
2019-04-08,145
2019-04-09,150
2019-04-10,174
2019-04-11,164
2019-04-12,182
2019-04-13,164
2019-04-14,136
2019-04-15,135
2019-04-16,148
2019-04-17,169
2019-04-18,172
2019-04-19,202
2019-04-20,184
2019-04-21,130
2019-04-22,123
2019-04-23,133
2019-04-24,141
2019-04-25,145
2019-04-26,185
2019-04-27,124
2019-04-28,121
2019-04-29,130
2019-04-30,165
2019-05-01,143
2019-05-02,166
2019-05-03,145
2019-05-04,135
2019-05-05,117
2019-05-06,149
2019-05-07,159
2019-05-08,105
2019-05-09,142
2019-05-10,176
2019-05-11,148
2019-05-12,144
2019-05-13,195
2019-05-14,192
2019-05-15,182
2019-05-16,163
2019-05-17,154
2019-05-18,138
2019-05-19,121
2019-05-20,143
2019-05-21,144
2019-05-22,173
2019-05-23,176
2019-05-24,198
2019-05-25,169
2019-05-26,151
2019-05-27,158
2019-05-28,161
2019-05-29,186
2019-05-30,142
2019-05-31,193
2019-06-01,176
2019-06-02,160
2019-06-03,156
2019-06-04,168
2019-06-05,180
2019-06-06,175
2019-06-07,210
2019-06-08,179
2019-06-09,150
2019-06-10,115
2019-06-11,164
2019-06-12,183
2019-06-13,169
2019-06-14,201
2019-06-15,161
2019-06-16,190
2019-06-17,200
2019-06-18,190
2019-06-19,171
2019-06-20,182
2019-06-21,242
2019-06-22,191
2019-06-23,165
2019-06-24,190
2019-06-25,184
2019-06-26,192
2019-06-27,201
2019-06-28,230
2019-06-29,187
2019-06-30,180
2019-07-01,197
2019-07-02,221
2019-07-03,206
2019-07-04,235
2019-07-05,231
2019-07-06,200
2019-07-07,176
2019-07-08,174
2019-07-09,201
2019-07-10,190
2019-07-11,186
2019-07-12,209
2019-07-13,173
2019-07-14,163
2019-07-15,175
2019-07-16,182
2019-07-17,185
2019-07-18,174
2019-07-19,179
2019-07-20,178
2019-07-21,158
2019-07-22,129
2019-07-23,154
2019-07-24,169
2019-07-25,170
2019-07-26,179
2019-07-27,169
2019-07-28,118
2019-07-29,149
2019-07-30,156
2019-07-31,134
2019-08-01,147
2019-08-02,178
2019-08-03,144
2019-08-04,128
2019-08-05,149
2019-08-06,143
2019-08-07,155
2019-08-08,146
2019-08-09,169
2019-08-10,155
2019-08-11,118
2019-08-12,115
2019-08-13,134
2019-08-14,147
2019-08-15,101
2019-08-16,143
2019-08-17,152
2019-08-18,128
2019-08-19,112
2019-08-20,128
2019-08-21,121
2019-08-22,156
2019-08-23,152
2019-08-24,157
2019-08-25,155
2019-08-26,126
2019-08-27,131
2019-08-28,145
2019-08-29,161
2019-08-30,185
2019-08-31,185
2019-09-01,136
2019-09-02,154
2019-09-03,168
2019-09-04,180
2019-09-05,160
2019-09-06,239
2019-09-07,202
2019-09-08,135
2019-09-09,162
2019-09-10,167
2019-09-11,190
2019-09-12,189
2019-09-13,236
2019-09-14,187
2019-09-15,176
2019-09-16,181
2019-09-17,170
2019-09-18,198
2019-09-19,206
2019-09-20,237
2019-09-21,152
2019-09-22,152
2019-09-23,176
2019-09-24,171
2019-09-25,182
2019-09-26,158
2019-09-27,175
2019-09-28,174
2019-09-29,146
2019-09-30,185
2019-10-01,167
2019-10-02,170
2019-10-03,162
2019-10-04,199
2019-10-05,191
2019-10-06,154
2019-10-07,184
2019-10-08,206
2019-10-09,176
2019-10-10,200
2019-10-11,231
2019-10-12,153
2019-10-13,171
2019-10-14,160
2019-10-15,174
2019-10-16,159
2019-10-17,193
2019-10-18,206
2019-10-19,163
2019-10-20,184
2019-10-21,146
2019-10-22,157
2019-10-23,148
2019-10-24,176
2019-10-25,186
2019-10-26,194
2019-10-27,148
2019-10-28,144
2019-10-29,149
2019-10-30,143
2019-10-31,182
2019-11-01,152
2019-11-02,141
2019-11-03,116
2019-11-04,201
2019-11-05,181
2019-11-06,182
2019-11-07,196
2019-11-08,182
2019-11-09,155
2019-11-10,115
2019-11-11,103
2019-11-12,196
2019-11-13,166
2019-11-14,155
2019-11-15,218
2019-11-16,145
2019-11-17,96
2019-11-18,171
2019-11-19,176
2019-11-20,153
2019-11-21,184
2019-11-22,218
2019-11-23,151
2019-11-24,123
2019-11-25,177
2019-11-26,161
2019-11-27,174
2019-11-28,156
2019-11-29,200
2019-11-30,149
2019-12-01,126
2019-12-02,193
2019-12-03,199
2019-12-04,200
2019-12-05,175
2019-12-06,214
2019-12-07,167
2019-12-08,140
2019-12-09,204
2019-12-10,209
2019-12-11,175
2019-12-12,233
2019-12-13,223
2019-12-14,157
2019-12-15,145
2019-12-16,180
2019-12-17,167
2019-12-18,194
2019-12-19,182
2019-12-20,254
2019-12-21,155
2019-12-22,105
2019-12-23,160
2019-12-24,147
2019-12-25,82
2019-12-26,120
2019-12-27,118
2019-12-28,117
2019-12-29,107
2019-12-30,125
2019-12-31,114
2020-01-01,123
2020-01-02,110
2020-01-03,117
2020-01-04,111
2020-01-05,110
2020-01-06,167
2020-01-07,154
2020-01-08,177
2020-01-09,180
2020-01-10,196
2020-01-11,158
2020-01-12,113
2020-01-13,166
2020-01-14,148
2020-01-15,163
2020-01-16,202
2020-01-17,181
2020-01-18,145
2020-01-19,107
2020-01-20,193
2020-01-21,155
2020-01-22,161
2020-01-23,144
2020-01-24,169
2020-01-25,132
2020-01-26,125
2020-01-27,148
2020-01-28,174
2020-01-29,161
2020-01-30,178
2020-01-31,181
2020-02-01,122
2020-02-02,149
2020-02-03,145
2020-02-04,179
2020-02-05,157
2020-02-06,187
2020-02-07,187
2020-02-08,147
2020-02-09,126
2020-02-10,122
2020-02-11,144
2020-02-12,165
2020-02-13,164
2020-02-14,200
2020-02-15,138
2020-02-16,115
2020-02-17,130
2020-02-18,157
2020-02-19,136
2020-02-20,144
2020-02-21,170
2020-02-22,148
2020-02-23,115
2020-02-24,137
2020-02-25,155
2020-02-26,147
2020-02-27,132
2020-02-28,163
2020-02-29,111
2020-03-01,147
2020-03-02,136
2020-03-03,127
2020-03-04,150
2020-03-05,162
2020-03-06,202
2020-03-07,151
2020-03-08,113
2020-03-09,136
2020-03-10,139
2020-03-11,149
2020-03-12,140
2020-03-13,156
2020-03-14,114
2020-03-15,120
2020-03-16,73
2020-03-17,45
2020-03-18,34
2020-03-19,29
2020-03-20,28
2020-03-21,19
2020-03-22,19
2020-03-23,20
2020-03-24,19
2020-03-25,23
2020-03-26,22
2020-03-27,29
2020-03-28,32
2020-03-29,16
2020-03-30,37
2020-03-31,22
2020-04-01,29
2020-04-02,24
2020-04-03,32
2020-04-04,32
2020-04-05,40
2020-04-06,28
2020-04-07,36
2020-04-08,42
2020-04-09,37
2020-04-10,56
2020-04-11,33
2020-04-12,35
2020-04-13,18
2020-04-14,58
2020-04-15,41
2020-04-16,43
2020-04-17,50
2020-04-18,35
2020-04-19,21
2020-04-20,48
2020-04-21,45
2020-04-22,50
2020-04-23,48
2020-04-24,54
2020-04-25,47
2020-04-26,43
2020-04-27,46
2020-04-28,43
2020-04-29,40
2020-04-30,54
2020-05-01,32
2020-05-02,33
2020-05-03,38
2020-05-04,46
2020-05-05,62
2020-05-06,74
2020-05-07,73
2020-05-08,56
2020-05-09,47
2020-05-10,35
2020-05-11,87
2020-05-12,101
2020-05-13,91
2020-05-14,102
2020-05-15,127
2020-05-16,151
2020-05-17,142
2020-05-18,116
2020-05-19,165
2020-05-20,181
2020-05-21,124
2020-05-22,135
2020-05-23,104
2020-05-24,128
2020-05-25,113
2020-05-26,146
2020-05-27,138
2020-05-28,155
2020-05-29,174
2020-05-30,171
2020-05-31,147
2020-06-01,121
2020-06-02,157
2020-06-03,155
2020-06-04,126
2020-06-05,117
2020-06-06,156
2020-06-07,104
2020-06-08,124
2020-06-09,152
2020-06-10,117
2020-06-11,121
2020-06-12,142
2020-06-13,135
2020-06-14,145
2020-06-15,146
2020-06-16,143
2020-06-17,129
2020-06-18,157
2020-06-19,171
2020-06-20,166
2020-06-21,144
2020-06-22,154
2020-06-23,177
2020-06-24,179
2020-06-25,181
2020-06-26,152
2020-06-27,144
2020-06-28,147
2020-06-29,158
2020-06-30,169
2020-07-01,154
2020-07-02,172
2020-07-03,198
2020-07-04,173
2020-07-05,164
2020-07-06,168
2020-07-07,195
2020-07-08,209
2020-07-09,194
2020-07-10,191
2020-07-11,171
2020-07-12,156
2020-07-13,161
2020-07-14,118
2020-07-15,135
2020-07-16,147
2020-07-17,177
2020-07-18,146
2020-07-19,162
2020-07-20,151
2020-07-21,191
2020-07-22,172
2020-07-23,178
2020-07-24,171
2020-07-25,160
2020-07-26,144
2020-07-27,173
2020-07-28,172
2020-07-29,179
2020-07-30,175
2020-07-31,179
2020-08-01,177
2020-08-02,130
2020-08-03,138
2020-08-04,149
2020-08-05,183
2020-08-06,163
2020-08-07,164
2020-08-08,157
2020-08-09,129
2020-08-10,156
2020-08-11,128
2020-08-12,145
2020-08-13,141
2020-08-14,160
2020-08-15,149
2020-08-16,143
2020-08-17,130
2020-08-18,134
2020-08-19,140
2020-08-20,149
2020-08-21,158
2020-08-22,143
2020-08-23,147
2020-08-24,140
2020-08-25,126
2020-08-26,148
2020-08-27,151
2020-08-28,177
2020-08-29,142
2020-08-30,133
2020-08-31,157
2020-09-01,148
2020-09-02,169
2020-09-03,201
2020-09-04,225
2020-09-05,181
2020-09-06,147
2020-09-07,189
2020-09-08,208
2020-09-09,200
2020-09-10,176
2020-09-11,230
2020-09-12,196
2020-09-13,193
2020-09-14,161
2020-09-15,186
2020-09-16,196
2020-09-17,207
2020-09-18,216
2020-09-19,169
2020-09-20,154
2020-09-21,186
2020-09-22,186
2020-09-23,166
2020-09-24,198
2020-09-25,200
2020-09-26,147
2020-09-27,134
2020-09-28,160
2020-09-29,180
2020-09-30,163
2020-10-01,179
2020-10-02,202
2020-10-03,164
2020-10-04,110
2020-10-05,156
2020-10-06,187
2020-10-07,174
2020-10-08,151
2020-10-09,184
2020-10-10,164
2020-10-11,134
2020-10-12,145
2020-10-13,169
2020-10-14,184
2020-10-15,177
2020-10-16,178
2020-10-17,155
2020-10-18,107
2020-10-19,135
2020-10-20,162
2020-10-21,148
2020-10-22,162
2020-10-23,173
2020-10-24,149
2020-10-25,108
2020-10-26,113
2020-10-27,163
2020-10-28,126
2020-10-29,208
2020-10-30,84
2020-10-31,62
2020-11-01,69
2020-11-02,78
2020-11-03,94
2020-11-04,83
2020-11-05,109
2020-11-06,121
2020-11-07,75
2020-11-08,47
2020-11-09,115
2020-11-10,113
2020-11-11,59
2020-11-12,128
2020-11-13,135
2020-11-14,77
2020-11-15,62
2020-11-16,102
2020-11-17,99
2020-11-18,124
2020-11-19,148
2020-11-20,165
2020-11-21,87
2020-11-22,62
2020-11-23,113
2020-11-24,124
2020-11-25,123
2020-11-26,130
2020-11-27,119
2020-11-28,134
2020-11-29,78
2020-11-30,157
2020-12-01,150
2020-12-02,143
2020-12-03,180
2020-12-04,184
2020-12-05,108
2020-12-06,89
2020-12-07,132
2020-12-08,174
2020-12-09,131
2020-12-10,137
2020-12-11,199
2020-12-12,120
2020-12-13,92
2020-12-14,143
2020-12-15,166
2020-12-16,144
2020-12-17,180
2020-12-18,191
2020-12-19,117
2020-12-20,96
2020-12-21,140
2020-12-22,157
2020-12-23,156
2020-12-24,127
2020-12-25,57
2020-12-26,89
2020-12-27,55
2020-12-28,109
2020-12-29,86
2020-12-30,119
2020-12-31,94
